Bildname;Porositaet
P_006_quad_Winkel_180_crp_x10_y10_Winkel_180.png;0.4636
P_006_quad_Winkel_180_crp_x10_y10_Winkel_270.png;0.2652
P_006_quad_Winkel_180_crp_x10_y10_Winkel_360.png;0.0652
P_006_quad_Winkel_180_crp_x10_y10_Winkel_90.png;0.264
P_006_quad_Winkel_180_crp_x10_y11_Winkel_180.png;0.4188
P_006_quad_Winkel_180_crp_x10_y11_Winkel_270.png;0.2192
P_006_quad_Winkel_180_crp_x10_y11_Winkel_360.png;0.0192
P_006_quad_Winkel_180_crp_x10_y11_Winkel_90.png;0.2192
P_006_quad_Winkel_180_crp_x10_y12_Winkel_180.png;0.4116
P_006_quad_Winkel_180_crp_x10_y12_Winkel_270.png;0.212
P_006_quad_Winkel_180_crp_x10_y12_Winkel_360.png;0.0124
P_006_quad_Winkel_180_crp_x10_y12_Winkel_90.png;0.2124
P_006_quad_Winkel_180_crp_x10_y13_Winkel_180.png;0.4256
P_006_quad_Winkel_180_crp_x10_y13_Winkel_270.png;0.2276
P_006_quad_Winkel_180_crp_x10_y13_Winkel_360.png;0.0276
P_006_quad_Winkel_180_crp_x10_y13_Winkel_90.png;0.226
P_006_quad_Winkel_180_crp_x10_y14_Winkel_180.png;0.588
P_006_quad_Winkel_180_crp_x10_y14_Winkel_270.png;0.3884
P_006_quad_Winkel_180_crp_x10_y14_Winkel_360.png;0.1884
P_006_quad_Winkel_180_crp_x10_y14_Winkel_90.png;0.3884
P_006_quad_Winkel_180_crp_x10_y1_Winkel_180.png;0.5352
P_006_quad_Winkel_180_crp_x10_y1_Winkel_270.png;0.3356
P_006_quad_Winkel_180_crp_x10_y1_Winkel_360.png;0.1356
P_006_quad_Winkel_180_crp_x10_y1_Winkel_90.png;0.3356
P_006_quad_Winkel_180_crp_x10_y2_Winkel_180.png;0.4484
P_006_quad_Winkel_180_crp_x10_y2_Winkel_270.png;0.2488
P_006_quad_Winkel_180_crp_x10_y2_Winkel_360.png;0.0488
P_006_quad_Winkel_180_crp_x10_y2_Winkel_90.png;0.2488
P_006_quad_Winkel_180_crp_x10_y3_Winkel_180.png;0.4188
P_006_quad_Winkel_180_crp_x10_y3_Winkel_270.png;0.2192
P_006_quad_Winkel_180_crp_x10_y3_Winkel_360.png;0.0184
P_006_quad_Winkel_180_crp_x10_y3_Winkel_90.png;0.2184
P_006_quad_Winkel_180_crp_x10_y4_Winkel_180.png;0.4316
P_006_quad_Winkel_180_crp_x10_y4_Winkel_270.png;0.232
P_006_quad_Winkel_180_crp_x10_y4_Winkel_360.png;0.032
P_006_quad_Winkel_180_crp_x10_y4_Winkel_90.png;0.232
P_006_quad_Winkel_180_crp_x10_y5_Winkel_180.png;0.6556
P_006_quad_Winkel_180_crp_x10_y5_Winkel_270.png;0.456
P_006_quad_Winkel_180_crp_x10_y5_Winkel_360.png;0.256
P_006_quad_Winkel_180_crp_x10_y5_Winkel_90.png;0.456
P_006_quad_Winkel_180_crp_x10_y6_Winkel_180.png;0.5
P_006_quad_Winkel_180_crp_x10_y6_Winkel_270.png;0.3004
P_006_quad_Winkel_180_crp_x10_y6_Winkel_360.png;0.104
P_006_quad_Winkel_180_crp_x10_y6_Winkel_90.png;0.304
P_006_quad_Winkel_180_crp_x10_y7_Winkel_180.png;0.4116
P_006_quad_Winkel_180_crp_x10_y7_Winkel_270.png;0.212
P_006_quad_Winkel_180_crp_x10_y7_Winkel_360.png;0.0084
P_006_quad_Winkel_180_crp_x10_y7_Winkel_90.png;0.2084
P_006_quad_Winkel_180_crp_x10_y8_Winkel_180.png;0.4332
P_006_quad_Winkel_180_crp_x10_y8_Winkel_270.png;0.2336
P_006_quad_Winkel_180_crp_x10_y8_Winkel_360.png;0.0336
P_006_quad_Winkel_180_crp_x10_y8_Winkel_90.png;0.2336
P_006_quad_Winkel_180_crp_x10_y9_Winkel_180.png;0.4812
P_006_quad_Winkel_180_crp_x10_y9_Winkel_270.png;0.2816
P_006_quad_Winkel_180_crp_x10_y9_Winkel_360.png;0.0816
P_006_quad_Winkel_180_crp_x10_y9_Winkel_90.png;0.2816
P_006_quad_Winkel_180_crp_x11_y10_Winkel_180.png;0.5484
P_006_quad_Winkel_180_crp_x11_y10_Winkel_270.png;0.3488
P_006_quad_Winkel_180_crp_x11_y10_Winkel_360.png;0.1404
P_006_quad_Winkel_180_crp_x11_y10_Winkel_90.png;0.3404
P_006_quad_Winkel_180_crp_x11_y11_Winkel_180.png;0.5664
P_006_quad_Winkel_180_crp_x11_y11_Winkel_270.png;0.3592
P_006_quad_Winkel_180_crp_x11_y11_Winkel_360.png;0.1592
P_006_quad_Winkel_180_crp_x11_y11_Winkel_90.png;0.3668
P_006_quad_Winkel_180_crp_x11_y12_Winkel_180.png;0.408
P_006_quad_Winkel_180_crp_x11_y12_Winkel_270.png;0.2084
P_006_quad_Winkel_180_crp_x11_y12_Winkel_360.png;0.0084
P_006_quad_Winkel_180_crp_x11_y12_Winkel_90.png;0.2084
P_006_quad_Winkel_180_crp_x11_y13_Winkel_180.png;0.4096
P_006_quad_Winkel_180_crp_x11_y13_Winkel_270.png;0.21
P_006_quad_Winkel_180_crp_x11_y13_Winkel_360.png;0.01
P_006_quad_Winkel_180_crp_x11_y13_Winkel_90.png;0.21
P_006_quad_Winkel_180_crp_x11_y14_Winkel_180.png;0.4208
P_006_quad_Winkel_180_crp_x11_y14_Winkel_270.png;0.2212
P_006_quad_Winkel_180_crp_x11_y14_Winkel_360.png;0.0212
P_006_quad_Winkel_180_crp_x11_y14_Winkel_90.png;0.2212
P_006_quad_Winkel_180_crp_x11_y1_Winkel_180.png;0.4132
P_006_quad_Winkel_180_crp_x11_y1_Winkel_270.png;0.2136
P_006_quad_Winkel_180_crp_x11_y1_Winkel_360.png;0.0136
P_006_quad_Winkel_180_crp_x11_y1_Winkel_90.png;0.2136
P_006_quad_Winkel_180_crp_x11_y2_Winkel_180.png;0.4584
P_006_quad_Winkel_180_crp_x11_y2_Winkel_270.png;0.2588
P_006_quad_Winkel_180_crp_x11_y2_Winkel_360.png;0.0588
P_006_quad_Winkel_180_crp_x11_y2_Winkel_90.png;0.2588
P_006_quad_Winkel_180_crp_x11_y3_Winkel_180.png;0.5304
P_006_quad_Winkel_180_crp_x11_y3_Winkel_270.png;0.3296
P_006_quad_Winkel_180_crp_x11_y3_Winkel_360.png;0.1284
P_006_quad_Winkel_180_crp_x11_y3_Winkel_90.png;0.3296
P_006_quad_Winkel_180_crp_x11_y4_Winkel_180.png;0.5056
P_006_quad_Winkel_180_crp_x11_y4_Winkel_270.png;0.306
P_006_quad_Winkel_180_crp_x11_y4_Winkel_360.png;0.106
P_006_quad_Winkel_180_crp_x11_y4_Winkel_90.png;0.306
P_006_quad_Winkel_180_crp_x11_y5_Winkel_180.png;0.4248
P_006_quad_Winkel_180_crp_x11_y5_Winkel_270.png;0.2252
P_006_quad_Winkel_180_crp_x11_y5_Winkel_360.png;0.0252
P_006_quad_Winkel_180_crp_x11_y5_Winkel_90.png;0.2252
P_006_quad_Winkel_180_crp_x11_y6_Winkel_180.png;0.5928
P_006_quad_Winkel_180_crp_x11_y6_Winkel_270.png;0.3932
P_006_quad_Winkel_180_crp_x11_y6_Winkel_360.png;0.1932
P_006_quad_Winkel_180_crp_x11_y6_Winkel_90.png;0.3932
P_006_quad_Winkel_180_crp_x11_y7_Winkel_180.png;0.564
P_006_quad_Winkel_180_crp_x11_y7_Winkel_270.png;0.3644
P_006_quad_Winkel_180_crp_x11_y7_Winkel_360.png;0.1644
P_006_quad_Winkel_180_crp_x11_y7_Winkel_90.png;0.3644
P_006_quad_Winkel_180_crp_x11_y8_Winkel_180.png;0.5976
P_006_quad_Winkel_180_crp_x11_y8_Winkel_270.png;0.398
P_006_quad_Winkel_180_crp_x11_y8_Winkel_360.png;0.198
P_006_quad_Winkel_180_crp_x11_y8_Winkel_90.png;0.398
P_006_quad_Winkel_180_crp_x11_y9_Winkel_180.png;0.444
P_006_quad_Winkel_180_crp_x11_y9_Winkel_270.png;0.2412
P_006_quad_Winkel_180_crp_x11_y9_Winkel_360.png;0.0412
P_006_quad_Winkel_180_crp_x11_y9_Winkel_90.png;0.2444
P_006_quad_Winkel_180_crp_x12_y10_Winkel_180.png;0.5956
P_006_quad_Winkel_180_crp_x12_y10_Winkel_270.png;0.396
P_006_quad_Winkel_180_crp_x12_y10_Winkel_360.png;0.1932
P_006_quad_Winkel_180_crp_x12_y10_Winkel_90.png;0.3932
P_006_quad_Winkel_180_crp_x12_y11_Winkel_180.png;0.552
P_006_quad_Winkel_180_crp_x12_y11_Winkel_270.png;0.3528
P_006_quad_Winkel_180_crp_x12_y11_Winkel_360.png;0.1528
P_006_quad_Winkel_180_crp_x12_y11_Winkel_90.png;0.3524
P_006_quad_Winkel_180_crp_x12_y12_Winkel_180.png;0.52
P_006_quad_Winkel_180_crp_x12_y12_Winkel_270.png;0.3124
P_006_quad_Winkel_180_crp_x12_y12_Winkel_360.png;0.1124
P_006_quad_Winkel_180_crp_x12_y12_Winkel_90.png;0.3204
P_006_quad_Winkel_180_crp_x12_y13_Winkel_180.png;0.4332
P_006_quad_Winkel_180_crp_x12_y13_Winkel_270.png;0.2336
P_006_quad_Winkel_180_crp_x12_y13_Winkel_360.png;0.0336
P_006_quad_Winkel_180_crp_x12_y13_Winkel_90.png;0.2336
P_006_quad_Winkel_180_crp_x12_y14_Winkel_180.png;0.5864
P_006_quad_Winkel_180_crp_x12_y14_Winkel_270.png;0.386
P_006_quad_Winkel_180_crp_x12_y14_Winkel_360.png;0.186
P_006_quad_Winkel_180_crp_x12_y14_Winkel_90.png;0.3868
P_006_quad_Winkel_180_crp_x12_y1_Winkel_180.png;0.4216
P_006_quad_Winkel_180_crp_x12_y1_Winkel_270.png;0.222
P_006_quad_Winkel_180_crp_x12_y1_Winkel_360.png;0.022
P_006_quad_Winkel_180_crp_x12_y1_Winkel_90.png;0.222
P_006_quad_Winkel_180_crp_x12_y2_Winkel_180.png;0.5688
P_006_quad_Winkel_180_crp_x12_y2_Winkel_270.png;0.3692
P_006_quad_Winkel_180_crp_x12_y2_Winkel_360.png;0.1692
P_006_quad_Winkel_180_crp_x12_y2_Winkel_90.png;0.3692
P_006_quad_Winkel_180_crp_x12_y3_Winkel_180.png;0.664
P_006_quad_Winkel_180_crp_x12_y3_Winkel_270.png;0.4632
P_006_quad_Winkel_180_crp_x12_y3_Winkel_360.png;0.254
P_006_quad_Winkel_180_crp_x12_y3_Winkel_90.png;0.4552
P_006_quad_Winkel_180_crp_x12_y4_Winkel_180.png;0.4324
P_006_quad_Winkel_180_crp_x12_y4_Winkel_270.png;0.2328
P_006_quad_Winkel_180_crp_x12_y4_Winkel_360.png;0.0328
P_006_quad_Winkel_180_crp_x12_y4_Winkel_90.png;0.2328
P_006_quad_Winkel_180_crp_x12_y5_Winkel_180.png;0.526
P_006_quad_Winkel_180_crp_x12_y5_Winkel_270.png;0.3264
P_006_quad_Winkel_180_crp_x12_y5_Winkel_360.png;0.1264
P_006_quad_Winkel_180_crp_x12_y5_Winkel_90.png;0.3264
P_006_quad_Winkel_180_crp_x12_y6_Winkel_180.png;0.4628
P_006_quad_Winkel_180_crp_x12_y6_Winkel_270.png;0.2632
P_006_quad_Winkel_180_crp_x12_y6_Winkel_360.png;0.0632
P_006_quad_Winkel_180_crp_x12_y6_Winkel_90.png;0.2632
P_006_quad_Winkel_180_crp_x12_y7_Winkel_180.png;0.4668
P_006_quad_Winkel_180_crp_x12_y7_Winkel_270.png;0.2672
P_006_quad_Winkel_180_crp_x12_y7_Winkel_360.png;0.0672
P_006_quad_Winkel_180_crp_x12_y7_Winkel_90.png;0.2672
P_006_quad_Winkel_180_crp_x12_y8_Winkel_180.png;0.6124
P_006_quad_Winkel_180_crp_x12_y8_Winkel_270.png;0.4128
P_006_quad_Winkel_180_crp_x12_y8_Winkel_360.png;0.2128
P_006_quad_Winkel_180_crp_x12_y8_Winkel_90.png;0.4128
P_006_quad_Winkel_180_crp_x12_y9_Winkel_180.png;0.4128
P_006_quad_Winkel_180_crp_x12_y9_Winkel_270.png;0.2132
P_006_quad_Winkel_180_crp_x12_y9_Winkel_360.png;0.0132
P_006_quad_Winkel_180_crp_x12_y9_Winkel_90.png;0.2132
P_006_quad_Winkel_180_crp_x13_y10_Winkel_180.png;0.5432
P_006_quad_Winkel_180_crp_x13_y10_Winkel_270.png;0.3436
P_006_quad_Winkel_180_crp_x13_y10_Winkel_360.png;0.1436
P_006_quad_Winkel_180_crp_x13_y10_Winkel_90.png;0.3436
P_006_quad_Winkel_180_crp_x13_y11_Winkel_180.png;0.5496
P_006_quad_Winkel_180_crp_x13_y11_Winkel_270.png;0.35
P_006_quad_Winkel_180_crp_x13_y11_Winkel_360.png;0.15
P_006_quad_Winkel_180_crp_x13_y11_Winkel_90.png;0.35
P_006_quad_Winkel_180_crp_x13_y12_Winkel_180.png;0.4212
P_006_quad_Winkel_180_crp_x13_y12_Winkel_270.png;0.2216
P_006_quad_Winkel_180_crp_x13_y12_Winkel_360.png;0.0224
P_006_quad_Winkel_180_crp_x13_y12_Winkel_90.png;0.2224
P_006_quad_Winkel_180_crp_x13_y13_Winkel_180.png;0.4888
P_006_quad_Winkel_180_crp_x13_y13_Winkel_270.png;0.2892
P_006_quad_Winkel_180_crp_x13_y13_Winkel_360.png;0.0968
P_006_quad_Winkel_180_crp_x13_y13_Winkel_90.png;0.2968
P_006_quad_Winkel_180_crp_x13_y14_Winkel_180.png;0.49
P_006_quad_Winkel_180_crp_x13_y14_Winkel_270.png;0.2904
P_006_quad_Winkel_180_crp_x13_y14_Winkel_360.png;0.0904
P_006_quad_Winkel_180_crp_x13_y14_Winkel_90.png;0.2904
P_006_quad_Winkel_180_crp_x13_y1_Winkel_180.png;0.4312
P_006_quad_Winkel_180_crp_x13_y1_Winkel_270.png;0.236
P_006_quad_Winkel_180_crp_x13_y1_Winkel_360.png;0.0348
P_006_quad_Winkel_180_crp_x13_y1_Winkel_90.png;0.2304
P_006_quad_Winkel_180_crp_x13_y2_Winkel_180.png;0.4584
P_006_quad_Winkel_180_crp_x13_y2_Winkel_270.png;0.2588
P_006_quad_Winkel_180_crp_x13_y2_Winkel_360.png;0.0588
P_006_quad_Winkel_180_crp_x13_y2_Winkel_90.png;0.2588
P_006_quad_Winkel_180_crp_x13_y3_Winkel_180.png;0.7252
P_006_quad_Winkel_180_crp_x13_y3_Winkel_270.png;0.5256
P_006_quad_Winkel_180_crp_x13_y3_Winkel_360.png;0.324
P_006_quad_Winkel_180_crp_x13_y3_Winkel_90.png;0.524
P_006_quad_Winkel_180_crp_x13_y4_Winkel_180.png;0.452
P_006_quad_Winkel_180_crp_x13_y4_Winkel_270.png;0.2508
P_006_quad_Winkel_180_crp_x13_y4_Winkel_360.png;0.0508
P_006_quad_Winkel_180_crp_x13_y4_Winkel_90.png;0.2524
P_006_quad_Winkel_180_crp_x13_y5_Winkel_180.png;0.4492
P_006_quad_Winkel_180_crp_x13_y5_Winkel_270.png;0.2496
P_006_quad_Winkel_180_crp_x13_y5_Winkel_360.png;0.0496
P_006_quad_Winkel_180_crp_x13_y5_Winkel_90.png;0.2496
P_006_quad_Winkel_180_crp_x13_y6_Winkel_180.png;0.488
P_006_quad_Winkel_180_crp_x13_y6_Winkel_270.png;0.2812
P_006_quad_Winkel_180_crp_x13_y6_Winkel_360.png;0.0812
P_006_quad_Winkel_180_crp_x13_y6_Winkel_90.png;0.2884
P_006_quad_Winkel_180_crp_x13_y7_Winkel_180.png;0.4528
P_006_quad_Winkel_180_crp_x13_y7_Winkel_270.png;0.2552
P_006_quad_Winkel_180_crp_x13_y7_Winkel_360.png;0.0552
P_006_quad_Winkel_180_crp_x13_y7_Winkel_90.png;0.2532
P_006_quad_Winkel_180_crp_x13_y8_Winkel_180.png;0.4252
P_006_quad_Winkel_180_crp_x13_y8_Winkel_270.png;0.2256
P_006_quad_Winkel_180_crp_x13_y8_Winkel_360.png;0.0256
P_006_quad_Winkel_180_crp_x13_y8_Winkel_90.png;0.2256
P_006_quad_Winkel_180_crp_x13_y9_Winkel_180.png;0.5096
P_006_quad_Winkel_180_crp_x13_y9_Winkel_270.png;0.31
P_006_quad_Winkel_180_crp_x13_y9_Winkel_360.png;0.11
P_006_quad_Winkel_180_crp_x13_y9_Winkel_90.png;0.31
P_006_quad_Winkel_180_crp_x1_y10_Winkel_180.png;0.4324
P_006_quad_Winkel_180_crp_x1_y10_Winkel_270.png;0.2328
P_006_quad_Winkel_180_crp_x1_y10_Winkel_360.png;0.0328
P_006_quad_Winkel_180_crp_x1_y10_Winkel_90.png;0.2328
P_006_quad_Winkel_180_crp_x1_y11_Winkel_180.png;0.49
P_006_quad_Winkel_180_crp_x1_y11_Winkel_270.png;0.2904
P_006_quad_Winkel_180_crp_x1_y11_Winkel_360.png;0.0948
P_006_quad_Winkel_180_crp_x1_y11_Winkel_90.png;0.2948
P_006_quad_Winkel_180_crp_x1_y12_Winkel_180.png;0.4044
P_006_quad_Winkel_180_crp_x1_y12_Winkel_270.png;0.2048
P_006_quad_Winkel_180_crp_x1_y12_Winkel_360.png;0.0048
P_006_quad_Winkel_180_crp_x1_y12_Winkel_90.png;0.2048
P_006_quad_Winkel_180_crp_x1_y13_Winkel_180.png;0.4224
P_006_quad_Winkel_180_crp_x1_y13_Winkel_270.png;0.2228
P_006_quad_Winkel_180_crp_x1_y13_Winkel_360.png;0.0216
P_006_quad_Winkel_180_crp_x1_y13_Winkel_90.png;0.2216
P_006_quad_Winkel_180_crp_x1_y14_Winkel_180.png;0.5172
P_006_quad_Winkel_180_crp_x1_y14_Winkel_270.png;0.3176
P_006_quad_Winkel_180_crp_x1_y14_Winkel_360.png;0.118
P_006_quad_Winkel_180_crp_x1_y14_Winkel_90.png;0.318
P_006_quad_Winkel_180_crp_x1_y1_Winkel_180.png;0.7952
P_006_quad_Winkel_180_crp_x1_y1_Winkel_270.png;0.5916
P_006_quad_Winkel_180_crp_x1_y1_Winkel_360.png;0.3916
P_006_quad_Winkel_180_crp_x1_y1_Winkel_90.png;0.5956
P_006_quad_Winkel_180_crp_x1_y2_Winkel_180.png;0.4436
P_006_quad_Winkel_180_crp_x1_y2_Winkel_270.png;0.2448
P_006_quad_Winkel_180_crp_x1_y2_Winkel_360.png;0.0448
P_006_quad_Winkel_180_crp_x1_y2_Winkel_90.png;0.244
P_006_quad_Winkel_180_crp_x1_y3_Winkel_180.png;0.5404
P_006_quad_Winkel_180_crp_x1_y3_Winkel_270.png;0.3408
P_006_quad_Winkel_180_crp_x1_y3_Winkel_360.png;0.1408
P_006_quad_Winkel_180_crp_x1_y3_Winkel_90.png;0.3408
P_006_quad_Winkel_180_crp_x1_y4_Winkel_180.png;0.4636
P_006_quad_Winkel_180_crp_x1_y4_Winkel_270.png;0.264
P_006_quad_Winkel_180_crp_x1_y4_Winkel_360.png;0.064
P_006_quad_Winkel_180_crp_x1_y4_Winkel_90.png;0.264
P_006_quad_Winkel_180_crp_x1_y5_Winkel_180.png;0.4604
P_006_quad_Winkel_180_crp_x1_y5_Winkel_270.png;0.2664
P_006_quad_Winkel_180_crp_x1_y5_Winkel_360.png;0.0664
P_006_quad_Winkel_180_crp_x1_y5_Winkel_90.png;0.2608
P_006_quad_Winkel_180_crp_x1_y6_Winkel_180.png;0.4148
P_006_quad_Winkel_180_crp_x1_y6_Winkel_270.png;0.2152
P_006_quad_Winkel_180_crp_x1_y6_Winkel_360.png;0.0152
P_006_quad_Winkel_180_crp_x1_y6_Winkel_90.png;0.2152
P_006_quad_Winkel_180_crp_x1_y7_Winkel_180.png;0.426
P_006_quad_Winkel_180_crp_x1_y7_Winkel_270.png;0.2264
P_006_quad_Winkel_180_crp_x1_y7_Winkel_360.png;0.0264
P_006_quad_Winkel_180_crp_x1_y7_Winkel_90.png;0.2264
P_006_quad_Winkel_180_crp_x1_y8_Winkel_180.png;0.4576
P_006_quad_Winkel_180_crp_x1_y8_Winkel_270.png;0.2612
P_006_quad_Winkel_180_crp_x1_y8_Winkel_360.png;0.0612
P_006_quad_Winkel_180_crp_x1_y8_Winkel_90.png;0.258
P_006_quad_Winkel_180_crp_x1_y9_Winkel_180.png;0.5732
P_006_quad_Winkel_180_crp_x1_y9_Winkel_270.png;0.3728
P_006_quad_Winkel_180_crp_x1_y9_Winkel_360.png;0.1728
P_006_quad_Winkel_180_crp_x1_y9_Winkel_90.png;0.3736
P_006_quad_Winkel_180_crp_x2_y10_Winkel_180.png;0.4824
P_006_quad_Winkel_180_crp_x2_y10_Winkel_270.png;0.28
P_006_quad_Winkel_180_crp_x2_y10_Winkel_360.png;0.08
P_006_quad_Winkel_180_crp_x2_y10_Winkel_90.png;0.2828
P_006_quad_Winkel_180_crp_x2_y11_Winkel_180.png;0.584
P_006_quad_Winkel_180_crp_x2_y11_Winkel_270.png;0.3884
P_006_quad_Winkel_180_crp_x2_y11_Winkel_360.png;0.1884
P_006_quad_Winkel_180_crp_x2_y11_Winkel_90.png;0.3844
P_006_quad_Winkel_180_crp_x2_y12_Winkel_180.png;0.5152
P_006_quad_Winkel_180_crp_x2_y12_Winkel_270.png;0.3156
P_006_quad_Winkel_180_crp_x2_y12_Winkel_360.png;0.116
P_006_quad_Winkel_180_crp_x2_y12_Winkel_90.png;0.316
P_006_quad_Winkel_180_crp_x2_y13_Winkel_180.png;0.494
P_006_quad_Winkel_180_crp_x2_y13_Winkel_270.png;0.2996
P_006_quad_Winkel_180_crp_x2_y13_Winkel_360.png;0.0944
P_006_quad_Winkel_180_crp_x2_y13_Winkel_90.png;0.2892
P_006_quad_Winkel_180_crp_x2_y14_Winkel_180.png;0.4216
P_006_quad_Winkel_180_crp_x2_y14_Winkel_270.png;0.2236
P_006_quad_Winkel_180_crp_x2_y14_Winkel_360.png;0.0224
P_006_quad_Winkel_180_crp_x2_y14_Winkel_90.png;0.222
P_006_quad_Winkel_180_crp_x2_y1_Winkel_180.png;0.4192
P_006_quad_Winkel_180_crp_x2_y1_Winkel_270.png;0.2196
P_006_quad_Winkel_180_crp_x2_y1_Winkel_360.png;0.0196
P_006_quad_Winkel_180_crp_x2_y1_Winkel_90.png;0.2196
P_006_quad_Winkel_180_crp_x2_y2_Winkel_180.png;0.626
P_006_quad_Winkel_180_crp_x2_y2_Winkel_270.png;0.4264
P_006_quad_Winkel_180_crp_x2_y2_Winkel_360.png;0.2264
P_006_quad_Winkel_180_crp_x2_y2_Winkel_90.png;0.4264
P_006_quad_Winkel_180_crp_x2_y3_Winkel_180.png;0.4196
P_006_quad_Winkel_180_crp_x2_y3_Winkel_270.png;0.22
P_006_quad_Winkel_180_crp_x2_y3_Winkel_360.png;0.0204
P_006_quad_Winkel_180_crp_x2_y3_Winkel_90.png;0.2204
P_006_quad_Winkel_180_crp_x2_y4_Winkel_180.png;0.454
P_006_quad_Winkel_180_crp_x2_y4_Winkel_270.png;0.2544
P_006_quad_Winkel_180_crp_x2_y4_Winkel_360.png;0.0544
P_006_quad_Winkel_180_crp_x2_y4_Winkel_90.png;0.2544
P_006_quad_Winkel_180_crp_x2_y5_Winkel_180.png;0.4688
P_006_quad_Winkel_180_crp_x2_y5_Winkel_270.png;0.2692
P_006_quad_Winkel_180_crp_x2_y5_Winkel_360.png;0.0692
P_006_quad_Winkel_180_crp_x2_y5_Winkel_90.png;0.2692
P_006_quad_Winkel_180_crp_x2_y6_Winkel_180.png;0.522
P_006_quad_Winkel_180_crp_x2_y6_Winkel_270.png;0.3224
P_006_quad_Winkel_180_crp_x2_y6_Winkel_360.png;0.1216
P_006_quad_Winkel_180_crp_x2_y6_Winkel_90.png;0.3216
P_006_quad_Winkel_180_crp_x2_y7_Winkel_180.png;0.4264
P_006_quad_Winkel_180_crp_x2_y7_Winkel_270.png;0.2268
P_006_quad_Winkel_180_crp_x2_y7_Winkel_360.png;0.0268
P_006_quad_Winkel_180_crp_x2_y7_Winkel_90.png;0.2268
P_006_quad_Winkel_180_crp_x2_y8_Winkel_180.png;0.436
P_006_quad_Winkel_180_crp_x2_y8_Winkel_270.png;0.2364
P_006_quad_Winkel_180_crp_x2_y8_Winkel_360.png;0.0364
P_006_quad_Winkel_180_crp_x2_y8_Winkel_90.png;0.2364
P_006_quad_Winkel_180_crp_x2_y9_Winkel_180.png;0.418
P_006_quad_Winkel_180_crp_x2_y9_Winkel_270.png;0.2184
P_006_quad_Winkel_180_crp_x2_y9_Winkel_360.png;0.0152
P_006_quad_Winkel_180_crp_x2_y9_Winkel_90.png;0.2152
P_006_quad_Winkel_180_crp_x3_y10_Winkel_180.png;0.4876
P_006_quad_Winkel_180_crp_x3_y10_Winkel_270.png;0.288
P_006_quad_Winkel_180_crp_x3_y10_Winkel_360.png;0.0868
P_006_quad_Winkel_180_crp_x3_y10_Winkel_90.png;0.2868
P_006_quad_Winkel_180_crp_x3_y11_Winkel_180.png;0.438
P_006_quad_Winkel_180_crp_x3_y11_Winkel_270.png;0.2384
P_006_quad_Winkel_180_crp_x3_y11_Winkel_360.png;0.0384
P_006_quad_Winkel_180_crp_x3_y11_Winkel_90.png;0.2384
P_006_quad_Winkel_180_crp_x3_y12_Winkel_180.png;0.5324
P_006_quad_Winkel_180_crp_x3_y12_Winkel_270.png;0.3328
P_006_quad_Winkel_180_crp_x3_y12_Winkel_360.png;0.1328
P_006_quad_Winkel_180_crp_x3_y12_Winkel_90.png;0.3328
P_006_quad_Winkel_180_crp_x3_y13_Winkel_180.png;0.4104
P_006_quad_Winkel_180_crp_x3_y13_Winkel_270.png;0.2108
P_006_quad_Winkel_180_crp_x3_y13_Winkel_360.png;0.0108
P_006_quad_Winkel_180_crp_x3_y13_Winkel_90.png;0.2108
P_006_quad_Winkel_180_crp_x3_y14_Winkel_180.png;0.45
P_006_quad_Winkel_180_crp_x3_y14_Winkel_270.png;0.2504
P_006_quad_Winkel_180_crp_x3_y14_Winkel_360.png;0.0504
P_006_quad_Winkel_180_crp_x3_y14_Winkel_90.png;0.2504
P_006_quad_Winkel_180_crp_x3_y1_Winkel_180.png;0.4168
P_006_quad_Winkel_180_crp_x3_y1_Winkel_270.png;0.2172
P_006_quad_Winkel_180_crp_x3_y1_Winkel_360.png;0.0172
P_006_quad_Winkel_180_crp_x3_y1_Winkel_90.png;0.2172
P_006_quad_Winkel_180_crp_x3_y2_Winkel_180.png;0.5864
P_006_quad_Winkel_180_crp_x3_y2_Winkel_270.png;0.3928
P_006_quad_Winkel_180_crp_x3_y2_Winkel_360.png;0.1928
P_006_quad_Winkel_180_crp_x3_y2_Winkel_90.png;0.3868
P_006_quad_Winkel_180_crp_x3_y3_Winkel_180.png;0.9276
P_006_quad_Winkel_180_crp_x3_y3_Winkel_270.png;0.728
P_006_quad_Winkel_180_crp_x3_y3_Winkel_360.png;0.5264
P_006_quad_Winkel_180_crp_x3_y3_Winkel_90.png;0.7264
P_006_quad_Winkel_180_crp_x3_y4_Winkel_180.png;0.4656
P_006_quad_Winkel_180_crp_x3_y4_Winkel_270.png;0.2652
P_006_quad_Winkel_180_crp_x3_y4_Winkel_360.png;0.0652
P_006_quad_Winkel_180_crp_x3_y4_Winkel_90.png;0.266
P_006_quad_Winkel_180_crp_x3_y5_Winkel_180.png;0.4712
P_006_quad_Winkel_180_crp_x3_y5_Winkel_270.png;0.2716
P_006_quad_Winkel_180_crp_x3_y5_Winkel_360.png;0.0716
P_006_quad_Winkel_180_crp_x3_y5_Winkel_90.png;0.2716
P_006_quad_Winkel_180_crp_x3_y6_Winkel_180.png;0.4168
P_006_quad_Winkel_180_crp_x3_y6_Winkel_270.png;0.2192
P_006_quad_Winkel_180_crp_x3_y6_Winkel_360.png;0.0192
P_006_quad_Winkel_180_crp_x3_y6_Winkel_90.png;0.2172
P_006_quad_Winkel_180_crp_x3_y7_Winkel_180.png;0.4252
P_006_quad_Winkel_180_crp_x3_y7_Winkel_270.png;0.226
P_006_quad_Winkel_180_crp_x3_y7_Winkel_360.png;0.026
P_006_quad_Winkel_180_crp_x3_y7_Winkel_90.png;0.2256
P_006_quad_Winkel_180_crp_x3_y8_Winkel_180.png;0.4056
P_006_quad_Winkel_180_crp_x3_y8_Winkel_270.png;0.2068
P_006_quad_Winkel_180_crp_x3_y8_Winkel_360.png;0.0068
P_006_quad_Winkel_180_crp_x3_y8_Winkel_90.png;0.206
P_006_quad_Winkel_180_crp_x3_y9_Winkel_180.png;0.4088
P_006_quad_Winkel_180_crp_x3_y9_Winkel_270.png;0.2092
P_006_quad_Winkel_180_crp_x3_y9_Winkel_360.png;0.0092
P_006_quad_Winkel_180_crp_x3_y9_Winkel_90.png;0.2092
P_006_quad_Winkel_180_crp_x4_y10_Winkel_180.png;0.4396
P_006_quad_Winkel_180_crp_x4_y10_Winkel_270.png;0.24
P_006_quad_Winkel_180_crp_x4_y10_Winkel_360.png;0.04
P_006_quad_Winkel_180_crp_x4_y10_Winkel_90.png;0.24
P_006_quad_Winkel_180_crp_x4_y11_Winkel_180.png;0.4048
P_006_quad_Winkel_180_crp_x4_y11_Winkel_270.png;0.2052
P_006_quad_Winkel_180_crp_x4_y11_Winkel_360.png;0.0052
P_006_quad_Winkel_180_crp_x4_y11_Winkel_90.png;0.2052
P_006_quad_Winkel_180_crp_x4_y12_Winkel_180.png;0.4876
P_006_quad_Winkel_180_crp_x4_y12_Winkel_270.png;0.2888
P_006_quad_Winkel_180_crp_x4_y12_Winkel_360.png;0.0888
P_006_quad_Winkel_180_crp_x4_y12_Winkel_90.png;0.288
P_006_quad_Winkel_180_crp_x4_y13_Winkel_180.png;0.4176
P_006_quad_Winkel_180_crp_x4_y13_Winkel_270.png;0.218
P_006_quad_Winkel_180_crp_x4_y13_Winkel_360.png;0.0148
P_006_quad_Winkel_180_crp_x4_y13_Winkel_90.png;0.2148
P_006_quad_Winkel_180_crp_x4_y14_Winkel_180.png;0.41
P_006_quad_Winkel_180_crp_x4_y14_Winkel_270.png;0.2104
P_006_quad_Winkel_180_crp_x4_y14_Winkel_360.png;0.0104
P_006_quad_Winkel_180_crp_x4_y14_Winkel_90.png;0.2104
P_006_quad_Winkel_180_crp_x4_y1_Winkel_180.png;0.5884
P_006_quad_Winkel_180_crp_x4_y1_Winkel_270.png;0.3888
P_006_quad_Winkel_180_crp_x4_y1_Winkel_360.png;0.184
P_006_quad_Winkel_180_crp_x4_y1_Winkel_90.png;0.384
P_006_quad_Winkel_180_crp_x4_y2_Winkel_180.png;0.51
P_006_quad_Winkel_180_crp_x4_y2_Winkel_270.png;0.3104
P_006_quad_Winkel_180_crp_x4_y2_Winkel_360.png;0.1116
P_006_quad_Winkel_180_crp_x4_y2_Winkel_90.png;0.3116
P_006_quad_Winkel_180_crp_x4_y3_Winkel_180.png;0.4772
P_006_quad_Winkel_180_crp_x4_y3_Winkel_270.png;0.2776
P_006_quad_Winkel_180_crp_x4_y3_Winkel_360.png;0.0776
P_006_quad_Winkel_180_crp_x4_y3_Winkel_90.png;0.2776
P_006_quad_Winkel_180_crp_x4_y4_Winkel_180.png;0.418
P_006_quad_Winkel_180_crp_x4_y4_Winkel_270.png;0.2184
P_006_quad_Winkel_180_crp_x4_y4_Winkel_360.png;0.0184
P_006_quad_Winkel_180_crp_x4_y4_Winkel_90.png;0.2184
P_006_quad_Winkel_180_crp_x4_y5_Winkel_180.png;0.4968
P_006_quad_Winkel_180_crp_x4_y5_Winkel_270.png;0.2972
P_006_quad_Winkel_180_crp_x4_y5_Winkel_360.png;0.0972
P_006_quad_Winkel_180_crp_x4_y5_Winkel_90.png;0.2972
P_006_quad_Winkel_180_crp_x4_y6_Winkel_180.png;0.4252
P_006_quad_Winkel_180_crp_x4_y6_Winkel_270.png;0.224
P_006_quad_Winkel_180_crp_x4_y6_Winkel_360.png;0.0256
P_006_quad_Winkel_180_crp_x4_y6_Winkel_90.png;0.2272
P_006_quad_Winkel_180_crp_x4_y7_Winkel_180.png;0.4692
P_006_quad_Winkel_180_crp_x4_y7_Winkel_270.png;0.2696
P_006_quad_Winkel_180_crp_x4_y7_Winkel_360.png;0.0696
P_006_quad_Winkel_180_crp_x4_y7_Winkel_90.png;0.2696
P_006_quad_Winkel_180_crp_x4_y8_Winkel_180.png;0.4768
P_006_quad_Winkel_180_crp_x4_y8_Winkel_270.png;0.2772
P_006_quad_Winkel_180_crp_x4_y8_Winkel_360.png;0.0772
P_006_quad_Winkel_180_crp_x4_y8_Winkel_90.png;0.2772
P_006_quad_Winkel_180_crp_x4_y9_Winkel_180.png;0.4612
P_006_quad_Winkel_180_crp_x4_y9_Winkel_270.png;0.2616
P_006_quad_Winkel_180_crp_x4_y9_Winkel_360.png;0.0616
P_006_quad_Winkel_180_crp_x4_y9_Winkel_90.png;0.2616
P_006_quad_Winkel_180_crp_x5_y10_Winkel_180.png;0.5472
P_006_quad_Winkel_180_crp_x5_y10_Winkel_270.png;0.3476
P_006_quad_Winkel_180_crp_x5_y10_Winkel_360.png;0.1476
P_006_quad_Winkel_180_crp_x5_y10_Winkel_90.png;0.3476
P_006_quad_Winkel_180_crp_x5_y11_Winkel_180.png;0.446
P_006_quad_Winkel_180_crp_x5_y11_Winkel_270.png;0.2452
P_006_quad_Winkel_180_crp_x5_y11_Winkel_360.png;0.0452
P_006_quad_Winkel_180_crp_x5_y11_Winkel_90.png;0.2464
P_006_quad_Winkel_180_crp_x5_y12_Winkel_180.png;0.4168
P_006_quad_Winkel_180_crp_x5_y12_Winkel_270.png;0.2172
P_006_quad_Winkel_180_crp_x5_y12_Winkel_360.png;0.0172
P_006_quad_Winkel_180_crp_x5_y12_Winkel_90.png;0.2172
P_006_quad_Winkel_180_crp_x5_y13_Winkel_180.png;0.4036
P_006_quad_Winkel_180_crp_x5_y13_Winkel_270.png;0.204
P_006_quad_Winkel_180_crp_x5_y13_Winkel_360.png;0.004
P_006_quad_Winkel_180_crp_x5_y13_Winkel_90.png;0.204
P_006_quad_Winkel_180_crp_x5_y14_Winkel_180.png;0.4076
P_006_quad_Winkel_180_crp_x5_y14_Winkel_270.png;0.208
P_006_quad_Winkel_180_crp_x5_y14_Winkel_360.png;0.008
P_006_quad_Winkel_180_crp_x5_y14_Winkel_90.png;0.208
P_006_quad_Winkel_180_crp_x5_y1_Winkel_180.png;0.502
P_006_quad_Winkel_180_crp_x5_y1_Winkel_270.png;0.3024
P_006_quad_Winkel_180_crp_x5_y1_Winkel_360.png;0.1032
P_006_quad_Winkel_180_crp_x5_y1_Winkel_90.png;0.3032
P_006_quad_Winkel_180_crp_x5_y2_Winkel_180.png;0.5392
P_006_quad_Winkel_180_crp_x5_y2_Winkel_270.png;0.3396
P_006_quad_Winkel_180_crp_x5_y2_Winkel_360.png;0.1396
P_006_quad_Winkel_180_crp_x5_y2_Winkel_90.png;0.3396
P_006_quad_Winkel_180_crp_x5_y3_Winkel_180.png;0.4476
P_006_quad_Winkel_180_crp_x5_y3_Winkel_270.png;0.248
P_006_quad_Winkel_180_crp_x5_y3_Winkel_360.png;0.048
P_006_quad_Winkel_180_crp_x5_y3_Winkel_90.png;0.248
P_006_quad_Winkel_180_crp_x5_y4_Winkel_180.png;0.7128
P_006_quad_Winkel_180_crp_x5_y4_Winkel_270.png;0.5132
P_006_quad_Winkel_180_crp_x5_y4_Winkel_360.png;0.3136
P_006_quad_Winkel_180_crp_x5_y4_Winkel_90.png;0.5136
P_006_quad_Winkel_180_crp_x5_y5_Winkel_180.png;0.6116
P_006_quad_Winkel_180_crp_x5_y5_Winkel_270.png;0.412
P_006_quad_Winkel_180_crp_x5_y5_Winkel_360.png;0.2092
P_006_quad_Winkel_180_crp_x5_y5_Winkel_90.png;0.4092
P_006_quad_Winkel_180_crp_x5_y6_Winkel_180.png;0.5308
P_006_quad_Winkel_180_crp_x5_y6_Winkel_270.png;0.3312
P_006_quad_Winkel_180_crp_x5_y6_Winkel_360.png;0.1312
P_006_quad_Winkel_180_crp_x5_y6_Winkel_90.png;0.3312
P_006_quad_Winkel_180_crp_x5_y7_Winkel_180.png;0.4264
P_006_quad_Winkel_180_crp_x5_y7_Winkel_270.png;0.2268
P_006_quad_Winkel_180_crp_x5_y7_Winkel_360.png;0.0268
P_006_quad_Winkel_180_crp_x5_y7_Winkel_90.png;0.2268
P_006_quad_Winkel_180_crp_x5_y8_Winkel_180.png;0.5008
P_006_quad_Winkel_180_crp_x5_y8_Winkel_270.png;0.3012
P_006_quad_Winkel_180_crp_x5_y8_Winkel_360.png;0.1012
P_006_quad_Winkel_180_crp_x5_y8_Winkel_90.png;0.3012
P_006_quad_Winkel_180_crp_x5_y9_Winkel_180.png;0.4516
P_006_quad_Winkel_180_crp_x5_y9_Winkel_270.png;0.252
P_006_quad_Winkel_180_crp_x5_y9_Winkel_360.png;0.052
P_006_quad_Winkel_180_crp_x5_y9_Winkel_90.png;0.252
P_006_quad_Winkel_180_crp_x6_y10_Winkel_180.png;0.5564
P_006_quad_Winkel_180_crp_x6_y10_Winkel_270.png;0.3568
P_006_quad_Winkel_180_crp_x6_y10_Winkel_360.png;0.1592
P_006_quad_Winkel_180_crp_x6_y10_Winkel_90.png;0.3592
P_006_quad_Winkel_180_crp_x6_y11_Winkel_180.png;0.4076
P_006_quad_Winkel_180_crp_x6_y11_Winkel_270.png;0.208
P_006_quad_Winkel_180_crp_x6_y11_Winkel_360.png;0.008
P_006_quad_Winkel_180_crp_x6_y11_Winkel_90.png;0.208
P_006_quad_Winkel_180_crp_x6_y12_Winkel_180.png;0.4144
P_006_quad_Winkel_180_crp_x6_y12_Winkel_270.png;0.2148
P_006_quad_Winkel_180_crp_x6_y12_Winkel_360.png;0.014
P_006_quad_Winkel_180_crp_x6_y12_Winkel_90.png;0.214
P_006_quad_Winkel_180_crp_x6_y13_Winkel_180.png;0.4588
P_006_quad_Winkel_180_crp_x6_y13_Winkel_270.png;0.2592
P_006_quad_Winkel_180_crp_x6_y13_Winkel_360.png;0.0604
P_006_quad_Winkel_180_crp_x6_y13_Winkel_90.png;0.2604
P_006_quad_Winkel_180_crp_x6_y14_Winkel_180.png;0.5232
P_006_quad_Winkel_180_crp_x6_y14_Winkel_270.png;0.326
P_006_quad_Winkel_180_crp_x6_y14_Winkel_360.png;0.126
P_006_quad_Winkel_180_crp_x6_y14_Winkel_90.png;0.3236
P_006_quad_Winkel_180_crp_x6_y1_Winkel_180.png;0.5228
P_006_quad_Winkel_180_crp_x6_y1_Winkel_270.png;0.3232
P_006_quad_Winkel_180_crp_x6_y1_Winkel_360.png;0.1232
P_006_quad_Winkel_180_crp_x6_y1_Winkel_90.png;0.3232
P_006_quad_Winkel_180_crp_x6_y2_Winkel_180.png;0.6944
P_006_quad_Winkel_180_crp_x6_y2_Winkel_270.png;0.4948
P_006_quad_Winkel_180_crp_x6_y2_Winkel_360.png;0.2948
P_006_quad_Winkel_180_crp_x6_y2_Winkel_90.png;0.4948
P_006_quad_Winkel_180_crp_x6_y3_Winkel_180.png;0.5028
P_006_quad_Winkel_180_crp_x6_y3_Winkel_270.png;0.3032
P_006_quad_Winkel_180_crp_x6_y3_Winkel_360.png;0.1032
P_006_quad_Winkel_180_crp_x6_y3_Winkel_90.png;0.3032
P_006_quad_Winkel_180_crp_x6_y4_Winkel_180.png;0.4712
P_006_quad_Winkel_180_crp_x6_y4_Winkel_270.png;0.2716
P_006_quad_Winkel_180_crp_x6_y4_Winkel_360.png;0.0716
P_006_quad_Winkel_180_crp_x6_y4_Winkel_90.png;0.2716
P_006_quad_Winkel_180_crp_x6_y5_Winkel_180.png;0.5748
P_006_quad_Winkel_180_crp_x6_y5_Winkel_270.png;0.3752
P_006_quad_Winkel_180_crp_x6_y5_Winkel_360.png;0.1848
P_006_quad_Winkel_180_crp_x6_y5_Winkel_90.png;0.3848
P_006_quad_Winkel_180_crp_x6_y6_Winkel_180.png;0.544
P_006_quad_Winkel_180_crp_x6_y6_Winkel_270.png;0.3444
P_006_quad_Winkel_180_crp_x6_y6_Winkel_360.png;0.1452
P_006_quad_Winkel_180_crp_x6_y6_Winkel_90.png;0.3452
P_006_quad_Winkel_180_crp_x6_y7_Winkel_180.png;0.4476
P_006_quad_Winkel_180_crp_x6_y7_Winkel_270.png;0.248
P_006_quad_Winkel_180_crp_x6_y7_Winkel_360.png;0.0532
P_006_quad_Winkel_180_crp_x6_y7_Winkel_90.png;0.2532
P_006_quad_Winkel_180_crp_x6_y8_Winkel_180.png;0.416
P_006_quad_Winkel_180_crp_x6_y8_Winkel_270.png;0.2164
P_006_quad_Winkel_180_crp_x6_y8_Winkel_360.png;0.0164
P_006_quad_Winkel_180_crp_x6_y8_Winkel_90.png;0.2164
P_006_quad_Winkel_180_crp_x6_y9_Winkel_180.png;0.6628
P_006_quad_Winkel_180_crp_x6_y9_Winkel_270.png;0.4632
P_006_quad_Winkel_180_crp_x6_y9_Winkel_360.png;0.2632
P_006_quad_Winkel_180_crp_x6_y9_Winkel_90.png;0.4632
P_006_quad_Winkel_180_crp_x7_y10_Winkel_180.png;0.4216
P_006_quad_Winkel_180_crp_x7_y10_Winkel_270.png;0.222
P_006_quad_Winkel_180_crp_x7_y10_Winkel_360.png;0.022
P_006_quad_Winkel_180_crp_x7_y10_Winkel_90.png;0.222
P_006_quad_Winkel_180_crp_x7_y11_Winkel_180.png;0.4192
P_006_quad_Winkel_180_crp_x7_y11_Winkel_270.png;0.2196
P_006_quad_Winkel_180_crp_x7_y11_Winkel_360.png;0.0196
P_006_quad_Winkel_180_crp_x7_y11_Winkel_90.png;0.2196
P_006_quad_Winkel_180_crp_x7_y12_Winkel_180.png;0.506
P_006_quad_Winkel_180_crp_x7_y12_Winkel_270.png;0.3064
P_006_quad_Winkel_180_crp_x7_y12_Winkel_360.png;0.1052
P_006_quad_Winkel_180_crp_x7_y12_Winkel_90.png;0.3052
P_006_quad_Winkel_180_crp_x7_y13_Winkel_180.png;0.594
P_006_quad_Winkel_180_crp_x7_y13_Winkel_270.png;0.3944
P_006_quad_Winkel_180_crp_x7_y13_Winkel_360.png;0.1936
P_006_quad_Winkel_180_crp_x7_y13_Winkel_90.png;0.3936
P_006_quad_Winkel_180_crp_x7_y14_Winkel_180.png;0.4716
P_006_quad_Winkel_180_crp_x7_y14_Winkel_270.png;0.272
P_006_quad_Winkel_180_crp_x7_y14_Winkel_360.png;0.0668
P_006_quad_Winkel_180_crp_x7_y14_Winkel_90.png;0.2668
P_006_quad_Winkel_180_crp_x7_y1_Winkel_180.png;0.4144
P_006_quad_Winkel_180_crp_x7_y1_Winkel_270.png;0.2148
P_006_quad_Winkel_180_crp_x7_y1_Winkel_360.png;0.0148
P_006_quad_Winkel_180_crp_x7_y1_Winkel_90.png;0.2148
P_006_quad_Winkel_180_crp_x7_y2_Winkel_180.png;0.4088
P_006_quad_Winkel_180_crp_x7_y2_Winkel_270.png;0.2092
P_006_quad_Winkel_180_crp_x7_y2_Winkel_360.png;0.0092
P_006_quad_Winkel_180_crp_x7_y2_Winkel_90.png;0.2092
P_006_quad_Winkel_180_crp_x7_y3_Winkel_180.png;0.4328
P_006_quad_Winkel_180_crp_x7_y3_Winkel_270.png;0.232
P_006_quad_Winkel_180_crp_x7_y3_Winkel_360.png;0.032
P_006_quad_Winkel_180_crp_x7_y3_Winkel_90.png;0.2332
P_006_quad_Winkel_180_crp_x7_y4_Winkel_180.png;0.6664
P_006_quad_Winkel_180_crp_x7_y4_Winkel_270.png;0.4668
P_006_quad_Winkel_180_crp_x7_y4_Winkel_360.png;0.2552
P_006_quad_Winkel_180_crp_x7_y4_Winkel_90.png;0.4552
P_006_quad_Winkel_180_crp_x7_y5_Winkel_180.png;0.5356
P_006_quad_Winkel_180_crp_x7_y5_Winkel_270.png;0.336
P_006_quad_Winkel_180_crp_x7_y5_Winkel_360.png;0.136
P_006_quad_Winkel_180_crp_x7_y5_Winkel_90.png;0.336
P_006_quad_Winkel_180_crp_x7_y6_Winkel_180.png;0.4612
P_006_quad_Winkel_180_crp_x7_y6_Winkel_270.png;0.2616
P_006_quad_Winkel_180_crp_x7_y6_Winkel_360.png;0.0616
P_006_quad_Winkel_180_crp_x7_y6_Winkel_90.png;0.2616
P_006_quad_Winkel_180_crp_x7_y7_Winkel_180.png;0.4048
P_006_quad_Winkel_180_crp_x7_y7_Winkel_270.png;0.2052
P_006_quad_Winkel_180_crp_x7_y7_Winkel_360.png;0.0052
P_006_quad_Winkel_180_crp_x7_y7_Winkel_90.png;0.2052
P_006_quad_Winkel_180_crp_x7_y8_Winkel_180.png;0.616
P_006_quad_Winkel_180_crp_x7_y8_Winkel_270.png;0.4164
P_006_quad_Winkel_180_crp_x7_y8_Winkel_360.png;0.2164
P_006_quad_Winkel_180_crp_x7_y8_Winkel_90.png;0.4164
P_006_quad_Winkel_180_crp_x7_y9_Winkel_180.png;0.486
P_006_quad_Winkel_180_crp_x7_y9_Winkel_270.png;0.2864
P_006_quad_Winkel_180_crp_x7_y9_Winkel_360.png;0.0864
P_006_quad_Winkel_180_crp_x7_y9_Winkel_90.png;0.2864
P_006_quad_Winkel_180_crp_x8_y10_Winkel_180.png;0.4064
P_006_quad_Winkel_180_crp_x8_y10_Winkel_270.png;0.2068
P_006_quad_Winkel_180_crp_x8_y10_Winkel_360.png;0.0068
P_006_quad_Winkel_180_crp_x8_y10_Winkel_90.png;0.2068
P_006_quad_Winkel_180_crp_x8_y11_Winkel_180.png;0.4088
P_006_quad_Winkel_180_crp_x8_y11_Winkel_270.png;0.2092
P_006_quad_Winkel_180_crp_x8_y11_Winkel_360.png;0.0092
P_006_quad_Winkel_180_crp_x8_y11_Winkel_90.png;0.2092
P_006_quad_Winkel_180_crp_x8_y12_Winkel_180.png;0.4688
P_006_quad_Winkel_180_crp_x8_y12_Winkel_270.png;0.2692
P_006_quad_Winkel_180_crp_x8_y12_Winkel_360.png;0.0724
P_006_quad_Winkel_180_crp_x8_y12_Winkel_90.png;0.2724
P_006_quad_Winkel_180_crp_x8_y13_Winkel_180.png;0.4776
P_006_quad_Winkel_180_crp_x8_y13_Winkel_270.png;0.2864
P_006_quad_Winkel_180_crp_x8_y13_Winkel_360.png;0.0864
P_006_quad_Winkel_180_crp_x8_y13_Winkel_90.png;0.278
P_006_quad_Winkel_180_crp_x8_y14_Winkel_180.png;0.4604
P_006_quad_Winkel_180_crp_x8_y14_Winkel_270.png;0.2608
P_006_quad_Winkel_180_crp_x8_y14_Winkel_360.png;0.0608
P_006_quad_Winkel_180_crp_x8_y14_Winkel_90.png;0.2608
P_006_quad_Winkel_180_crp_x8_y1_Winkel_180.png;0.4316
P_006_quad_Winkel_180_crp_x8_y1_Winkel_270.png;0.2344
P_006_quad_Winkel_180_crp_x8_y1_Winkel_360.png;0.0344
P_006_quad_Winkel_180_crp_x8_y1_Winkel_90.png;0.232
P_006_quad_Winkel_180_crp_x8_y2_Winkel_180.png;0.4508
P_006_quad_Winkel_180_crp_x8_y2_Winkel_270.png;0.2512
P_006_quad_Winkel_180_crp_x8_y2_Winkel_360.png;0.0512
P_006_quad_Winkel_180_crp_x8_y2_Winkel_90.png;0.2512
P_006_quad_Winkel_180_crp_x8_y3_Winkel_180.png;0.4712
P_006_quad_Winkel_180_crp_x8_y3_Winkel_270.png;0.2716
P_006_quad_Winkel_180_crp_x8_y3_Winkel_360.png;0.074
P_006_quad_Winkel_180_crp_x8_y3_Winkel_90.png;0.274
P_006_quad_Winkel_180_crp_x8_y4_Winkel_180.png;0.5516
P_006_quad_Winkel_180_crp_x8_y4_Winkel_270.png;0.352
P_006_quad_Winkel_180_crp_x8_y4_Winkel_360.png;0.152
P_006_quad_Winkel_180_crp_x8_y4_Winkel_90.png;0.352
P_006_quad_Winkel_180_crp_x8_y5_Winkel_180.png;0.5304
P_006_quad_Winkel_180_crp_x8_y5_Winkel_270.png;0.3308
P_006_quad_Winkel_180_crp_x8_y5_Winkel_360.png;0.1308
P_006_quad_Winkel_180_crp_x8_y5_Winkel_90.png;0.3308
P_006_quad_Winkel_180_crp_x8_y6_Winkel_180.png;0.4412
P_006_quad_Winkel_180_crp_x8_y6_Winkel_270.png;0.2428
P_006_quad_Winkel_180_crp_x8_y6_Winkel_360.png;0.0428
P_006_quad_Winkel_180_crp_x8_y6_Winkel_90.png;0.2416
P_006_quad_Winkel_180_crp_x8_y7_Winkel_180.png;13.604
P_006_quad_Winkel_180_crp_x8_y7_Winkel_270.png;11.608
P_006_quad_Winkel_180_crp_x8_y7_Winkel_360.png;0.9608
P_006_quad_Winkel_180_crp_x8_y7_Winkel_90.png;11.608
P_006_quad_Winkel_180_crp_x8_y8_Winkel_180.png;0.4316
P_006_quad_Winkel_180_crp_x8_y8_Winkel_270.png;0.232
P_006_quad_Winkel_180_crp_x8_y8_Winkel_360.png;0.032
P_006_quad_Winkel_180_crp_x8_y8_Winkel_90.png;0.232
P_006_quad_Winkel_180_crp_x8_y9_Winkel_180.png;0.4492
P_006_quad_Winkel_180_crp_x8_y9_Winkel_270.png;0.2496
P_006_quad_Winkel_180_crp_x8_y9_Winkel_360.png;0.0496
P_006_quad_Winkel_180_crp_x8_y9_Winkel_90.png;0.2496
P_006_quad_Winkel_180_crp_x9_y10_Winkel_180.png;0.4516
P_006_quad_Winkel_180_crp_x9_y10_Winkel_270.png;0.2508
P_006_quad_Winkel_180_crp_x9_y10_Winkel_360.png;0.0508
P_006_quad_Winkel_180_crp_x9_y10_Winkel_90.png;0.252
P_006_quad_Winkel_180_crp_x9_y11_Winkel_180.png;0.4108
P_006_quad_Winkel_180_crp_x9_y11_Winkel_270.png;0.2112
P_006_quad_Winkel_180_crp_x9_y11_Winkel_360.png;0.0112
P_006_quad_Winkel_180_crp_x9_y11_Winkel_90.png;0.2112
P_006_quad_Winkel_180_crp_x9_y12_Winkel_180.png;0.4284
P_006_quad_Winkel_180_crp_x9_y12_Winkel_270.png;0.2288
P_006_quad_Winkel_180_crp_x9_y12_Winkel_360.png;0.0288
P_006_quad_Winkel_180_crp_x9_y12_Winkel_90.png;0.2288
P_006_quad_Winkel_180_crp_x9_y13_Winkel_180.png;0.4368
P_006_quad_Winkel_180_crp_x9_y13_Winkel_270.png;0.2372
P_006_quad_Winkel_180_crp_x9_y13_Winkel_360.png;0.0372
P_006_quad_Winkel_180_crp_x9_y13_Winkel_90.png;0.2372
P_006_quad_Winkel_180_crp_x9_y14_Winkel_180.png;0.4408
P_006_quad_Winkel_180_crp_x9_y14_Winkel_270.png;0.2412
P_006_quad_Winkel_180_crp_x9_y14_Winkel_360.png;0.0404
P_006_quad_Winkel_180_crp_x9_y14_Winkel_90.png;0.2404
P_006_quad_Winkel_180_crp_x9_y1_Winkel_180.png;0.414
P_006_quad_Winkel_180_crp_x9_y1_Winkel_270.png;0.2144
P_006_quad_Winkel_180_crp_x9_y1_Winkel_360.png;0.0144
P_006_quad_Winkel_180_crp_x9_y1_Winkel_90.png;0.2144
P_006_quad_Winkel_180_crp_x9_y2_Winkel_180.png;0.4876
P_006_quad_Winkel_180_crp_x9_y2_Winkel_270.png;0.288
P_006_quad_Winkel_180_crp_x9_y2_Winkel_360.png;0.088
P_006_quad_Winkel_180_crp_x9_y2_Winkel_90.png;0.288
P_006_quad_Winkel_180_crp_x9_y3_Winkel_180.png;0.4204
P_006_quad_Winkel_180_crp_x9_y3_Winkel_270.png;0.2208
P_006_quad_Winkel_180_crp_x9_y3_Winkel_360.png;0.022
P_006_quad_Winkel_180_crp_x9_y3_Winkel_90.png;0.222
P_006_quad_Winkel_180_crp_x9_y4_Winkel_180.png;1.126
P_006_quad_Winkel_180_crp_x9_y4_Winkel_270.png;0.9236
P_006_quad_Winkel_180_crp_x9_y4_Winkel_360.png;0.7236
P_006_quad_Winkel_180_crp_x9_y4_Winkel_90.png;0.9264
P_006_quad_Winkel_180_crp_x9_y5_Winkel_180.png;0.5144
P_006_quad_Winkel_180_crp_x9_y5_Winkel_270.png;0.3232
P_006_quad_Winkel_180_crp_x9_y5_Winkel_360.png;0.1232
P_006_quad_Winkel_180_crp_x9_y5_Winkel_90.png;0.3148
P_006_quad_Winkel_180_crp_x9_y6_Winkel_180.png;0.4468
P_006_quad_Winkel_180_crp_x9_y6_Winkel_270.png;0.2472
P_006_quad_Winkel_180_crp_x9_y6_Winkel_360.png;0.0448
P_006_quad_Winkel_180_crp_x9_y6_Winkel_90.png;0.2448
P_006_quad_Winkel_180_crp_x9_y7_Winkel_180.png;0.4568
P_006_quad_Winkel_180_crp_x9_y7_Winkel_270.png;0.2596
P_006_quad_Winkel_180_crp_x9_y7_Winkel_360.png;0.0596
P_006_quad_Winkel_180_crp_x9_y7_Winkel_90.png;0.2572
P_006_quad_Winkel_180_crp_x9_y8_Winkel_180.png;0.4304
P_006_quad_Winkel_180_crp_x9_y8_Winkel_270.png;0.2308
P_006_quad_Winkel_180_crp_x9_y8_Winkel_360.png;0.0292
P_006_quad_Winkel_180_crp_x9_y8_Winkel_90.png;0.2292
P_006_quad_Winkel_180_crp_x9_y9_Winkel_180.png;0.4788
P_006_quad_Winkel_180_crp_x9_y9_Winkel_270.png;0.2792
P_006_quad_Winkel_180_crp_x9_y9_Winkel_360.png;0.0792
P_006_quad_Winkel_180_crp_x9_y9_Winkel_90.png;0.2792
P_006_quad_Winkel_360_crp_x10_y10_Winkel_180.png;0.5048
P_006_quad_Winkel_360_crp_x10_y10_Winkel_270.png;0.3028
P_006_quad_Winkel_360_crp_x10_y10_Winkel_360.png;0.098
P_006_quad_Winkel_360_crp_x10_y10_Winkel_90.png;0.3004
P_006_quad_Winkel_360_crp_x10_y11_Winkel_180.png;0.4188
P_006_quad_Winkel_360_crp_x10_y11_Winkel_270.png;0.22
P_006_quad_Winkel_360_crp_x10_y11_Winkel_360.png;0.0204
P_006_quad_Winkel_360_crp_x10_y11_Winkel_90.png;0.2208
P_006_quad_Winkel_360_crp_x10_y12_Winkel_180.png;0.4772
P_006_quad_Winkel_360_crp_x10_y12_Winkel_270.png;0.2776
P_006_quad_Winkel_360_crp_x10_y12_Winkel_360.png;0.0776
P_006_quad_Winkel_360_crp_x10_y12_Winkel_90.png;0.2776
P_006_quad_Winkel_360_crp_x10_y13_Winkel_180.png;0.51
P_006_quad_Winkel_360_crp_x10_y13_Winkel_270.png;0.3104
P_006_quad_Winkel_360_crp_x10_y13_Winkel_360.png;0.1104
P_006_quad_Winkel_360_crp_x10_y13_Winkel_90.png;0.3104
P_006_quad_Winkel_360_crp_x10_y14_Winkel_180.png;0.5932
P_006_quad_Winkel_360_crp_x10_y14_Winkel_270.png;0.3936
P_006_quad_Winkel_360_crp_x10_y14_Winkel_360.png;0.1896
P_006_quad_Winkel_360_crp_x10_y14_Winkel_90.png;0.3896
P_006_quad_Winkel_360_crp_x10_y1_Winkel_180.png;0.41
P_006_quad_Winkel_360_crp_x10_y1_Winkel_270.png;0.2104
P_006_quad_Winkel_360_crp_x10_y1_Winkel_360.png;0.0104
P_006_quad_Winkel_360_crp_x10_y1_Winkel_90.png;0.2104
P_006_quad_Winkel_360_crp_x10_y2_Winkel_180.png;0.4176
P_006_quad_Winkel_360_crp_x10_y2_Winkel_270.png;0.218
P_006_quad_Winkel_360_crp_x10_y2_Winkel_360.png;0.0148
P_006_quad_Winkel_360_crp_x10_y2_Winkel_90.png;0.2148
P_006_quad_Winkel_360_crp_x10_y3_Winkel_180.png;0.4868
P_006_quad_Winkel_360_crp_x10_y3_Winkel_270.png;0.2872
P_006_quad_Winkel_360_crp_x10_y3_Winkel_360.png;0.0872
P_006_quad_Winkel_360_crp_x10_y3_Winkel_90.png;0.2872
P_006_quad_Winkel_360_crp_x10_y4_Winkel_180.png;0.4052
P_006_quad_Winkel_360_crp_x10_y4_Winkel_270.png;0.2064
P_006_quad_Winkel_360_crp_x10_y4_Winkel_360.png;0.0064
P_006_quad_Winkel_360_crp_x10_y4_Winkel_90.png;0.2056
P_006_quad_Winkel_360_crp_x10_y5_Winkel_180.png;0.4396
P_006_quad_Winkel_360_crp_x10_y5_Winkel_270.png;0.24
P_006_quad_Winkel_360_crp_x10_y5_Winkel_360.png;0.04
P_006_quad_Winkel_360_crp_x10_y5_Winkel_90.png;0.24
P_006_quad_Winkel_360_crp_x10_y6_Winkel_180.png;0.4612
P_006_quad_Winkel_360_crp_x10_y6_Winkel_270.png;0.2616
P_006_quad_Winkel_360_crp_x10_y6_Winkel_360.png;0.0616
P_006_quad_Winkel_360_crp_x10_y6_Winkel_90.png;0.2616
P_006_quad_Winkel_360_crp_x10_y7_Winkel_180.png;0.4768
P_006_quad_Winkel_360_crp_x10_y7_Winkel_270.png;0.2772
P_006_quad_Winkel_360_crp_x10_y7_Winkel_360.png;0.0772
P_006_quad_Winkel_360_crp_x10_y7_Winkel_90.png;0.2772
P_006_quad_Winkel_360_crp_x10_y8_Winkel_180.png;0.4692
P_006_quad_Winkel_360_crp_x10_y8_Winkel_270.png;0.2696
P_006_quad_Winkel_360_crp_x10_y8_Winkel_360.png;0.0696
P_006_quad_Winkel_360_crp_x10_y8_Winkel_90.png;0.2696
P_006_quad_Winkel_360_crp_x10_y9_Winkel_180.png;0.422
P_006_quad_Winkel_360_crp_x10_y9_Winkel_270.png;0.2224
P_006_quad_Winkel_360_crp_x10_y9_Winkel_360.png;0.0224
P_006_quad_Winkel_360_crp_x10_y9_Winkel_90.png;0.2224
P_006_quad_Winkel_360_crp_x11_y10_Winkel_180.png;0.4728
P_006_quad_Winkel_360_crp_x11_y10_Winkel_270.png;0.2748
P_006_quad_Winkel_360_crp_x11_y10_Winkel_360.png;0.0748
P_006_quad_Winkel_360_crp_x11_y10_Winkel_90.png;0.2732
P_006_quad_Winkel_360_crp_x11_y11_Winkel_180.png;0.466
P_006_quad_Winkel_360_crp_x11_y11_Winkel_270.png;0.2664
P_006_quad_Winkel_360_crp_x11_y11_Winkel_360.png;0.0664
P_006_quad_Winkel_360_crp_x11_y11_Winkel_90.png;0.2664
P_006_quad_Winkel_360_crp_x11_y12_Winkel_180.png;0.9228
P_006_quad_Winkel_360_crp_x11_y12_Winkel_270.png;0.7232
P_006_quad_Winkel_360_crp_x11_y12_Winkel_360.png;0.5232
P_006_quad_Winkel_360_crp_x11_y12_Winkel_90.png;0.7232
P_006_quad_Winkel_360_crp_x11_y13_Winkel_180.png;0.584
P_006_quad_Winkel_360_crp_x11_y13_Winkel_270.png;0.3808
P_006_quad_Winkel_360_crp_x11_y13_Winkel_360.png;0.182
P_006_quad_Winkel_360_crp_x11_y13_Winkel_90.png;0.3856
P_006_quad_Winkel_360_crp_x11_y14_Winkel_180.png;0.4188
P_006_quad_Winkel_360_crp_x11_y14_Winkel_270.png;0.2232
P_006_quad_Winkel_360_crp_x11_y14_Winkel_360.png;0.0232
P_006_quad_Winkel_360_crp_x11_y14_Winkel_90.png;0.2192
P_006_quad_Winkel_360_crp_x11_y1_Winkel_180.png;0.45
P_006_quad_Winkel_360_crp_x11_y1_Winkel_270.png;0.2504
P_006_quad_Winkel_360_crp_x11_y1_Winkel_360.png;0.0504
P_006_quad_Winkel_360_crp_x11_y1_Winkel_90.png;0.2504
P_006_quad_Winkel_360_crp_x11_y2_Winkel_180.png;0.4104
P_006_quad_Winkel_360_crp_x11_y2_Winkel_270.png;0.2108
P_006_quad_Winkel_360_crp_x11_y2_Winkel_360.png;0.0108
P_006_quad_Winkel_360_crp_x11_y2_Winkel_90.png;0.2108
P_006_quad_Winkel_360_crp_x11_y3_Winkel_180.png;0.5324
P_006_quad_Winkel_360_crp_x11_y3_Winkel_270.png;0.3328
P_006_quad_Winkel_360_crp_x11_y3_Winkel_360.png;0.1328
P_006_quad_Winkel_360_crp_x11_y3_Winkel_90.png;0.3328
P_006_quad_Winkel_360_crp_x11_y4_Winkel_180.png;0.438
P_006_quad_Winkel_360_crp_x11_y4_Winkel_270.png;0.2384
P_006_quad_Winkel_360_crp_x11_y4_Winkel_360.png;0.0384
P_006_quad_Winkel_360_crp_x11_y4_Winkel_90.png;0.2384
P_006_quad_Winkel_360_crp_x11_y5_Winkel_180.png;0.4864
P_006_quad_Winkel_360_crp_x11_y5_Winkel_270.png;0.2868
P_006_quad_Winkel_360_crp_x11_y5_Winkel_360.png;0.0868
P_006_quad_Winkel_360_crp_x11_y5_Winkel_90.png;0.2868
P_006_quad_Winkel_360_crp_x11_y6_Winkel_180.png;0.4088
P_006_quad_Winkel_360_crp_x11_y6_Winkel_270.png;0.2092
P_006_quad_Winkel_360_crp_x11_y6_Winkel_360.png;0.0092
P_006_quad_Winkel_360_crp_x11_y6_Winkel_90.png;0.2092
P_006_quad_Winkel_360_crp_x11_y7_Winkel_180.png;0.4048
P_006_quad_Winkel_360_crp_x11_y7_Winkel_270.png;0.2052
P_006_quad_Winkel_360_crp_x11_y7_Winkel_360.png;0.0052
P_006_quad_Winkel_360_crp_x11_y7_Winkel_90.png;0.2052
P_006_quad_Winkel_360_crp_x11_y8_Winkel_180.png;0.4252
P_006_quad_Winkel_360_crp_x11_y8_Winkel_270.png;0.2256
P_006_quad_Winkel_360_crp_x11_y8_Winkel_360.png;0.0256
P_006_quad_Winkel_360_crp_x11_y8_Winkel_90.png;0.2256
P_006_quad_Winkel_360_crp_x11_y9_Winkel_180.png;0.4156
P_006_quad_Winkel_360_crp_x11_y9_Winkel_270.png;0.2164
P_006_quad_Winkel_360_crp_x11_y9_Winkel_360.png;0.0176
P_006_quad_Winkel_360_crp_x11_y9_Winkel_90.png;0.2172
P_006_quad_Winkel_360_crp_x12_y10_Winkel_180.png;0.4688
P_006_quad_Winkel_360_crp_x12_y10_Winkel_270.png;0.2692
P_006_quad_Winkel_360_crp_x12_y10_Winkel_360.png;0.0692
P_006_quad_Winkel_360_crp_x12_y10_Winkel_90.png;0.2692
P_006_quad_Winkel_360_crp_x12_y11_Winkel_180.png;0.454
P_006_quad_Winkel_360_crp_x12_y11_Winkel_270.png;0.2544
P_006_quad_Winkel_360_crp_x12_y11_Winkel_360.png;0.0544
P_006_quad_Winkel_360_crp_x12_y11_Winkel_90.png;0.2544
P_006_quad_Winkel_360_crp_x12_y12_Winkel_180.png;0.4196
P_006_quad_Winkel_360_crp_x12_y12_Winkel_270.png;0.22
P_006_quad_Winkel_360_crp_x12_y12_Winkel_360.png;0.02
P_006_quad_Winkel_360_crp_x12_y12_Winkel_90.png;0.22
P_006_quad_Winkel_360_crp_x12_y13_Winkel_180.png;0.626
P_006_quad_Winkel_360_crp_x12_y13_Winkel_270.png;0.4264
P_006_quad_Winkel_360_crp_x12_y13_Winkel_360.png;0.2264
P_006_quad_Winkel_360_crp_x12_y13_Winkel_90.png;0.4264
P_006_quad_Winkel_360_crp_x12_y14_Winkel_180.png;0.4192
P_006_quad_Winkel_360_crp_x12_y14_Winkel_270.png;0.2196
P_006_quad_Winkel_360_crp_x12_y14_Winkel_360.png;0.0196
P_006_quad_Winkel_360_crp_x12_y14_Winkel_90.png;0.2196
P_006_quad_Winkel_360_crp_x12_y1_Winkel_180.png;0.4216
P_006_quad_Winkel_360_crp_x12_y1_Winkel_270.png;0.222
P_006_quad_Winkel_360_crp_x12_y1_Winkel_360.png;0.022
P_006_quad_Winkel_360_crp_x12_y1_Winkel_90.png;0.222
P_006_quad_Winkel_360_crp_x12_y2_Winkel_180.png;0.484
P_006_quad_Winkel_360_crp_x12_y2_Winkel_270.png;0.2848
P_006_quad_Winkel_360_crp_x12_y2_Winkel_360.png;0.0848
P_006_quad_Winkel_360_crp_x12_y2_Winkel_90.png;0.2844
P_006_quad_Winkel_360_crp_x12_y3_Winkel_180.png;0.5192
P_006_quad_Winkel_360_crp_x12_y3_Winkel_270.png;0.324
P_006_quad_Winkel_360_crp_x12_y3_Winkel_360.png;0.124
P_006_quad_Winkel_360_crp_x12_y3_Winkel_90.png;0.3196
P_006_quad_Winkel_360_crp_x12_y4_Winkel_180.png;0.5808
P_006_quad_Winkel_360_crp_x12_y4_Winkel_270.png;0.3812
P_006_quad_Winkel_360_crp_x12_y4_Winkel_360.png;0.1812
P_006_quad_Winkel_360_crp_x12_y4_Winkel_90.png;0.3812
P_006_quad_Winkel_360_crp_x12_y5_Winkel_180.png;0.4828
P_006_quad_Winkel_360_crp_x12_y5_Winkel_270.png;0.288
P_006_quad_Winkel_360_crp_x12_y5_Winkel_360.png;0.088
P_006_quad_Winkel_360_crp_x12_y5_Winkel_90.png;0.2832
P_006_quad_Winkel_360_crp_x12_y6_Winkel_180.png;0.4148
P_006_quad_Winkel_360_crp_x12_y6_Winkel_270.png;0.2152
P_006_quad_Winkel_360_crp_x12_y6_Winkel_360.png;0.0152
P_006_quad_Winkel_360_crp_x12_y6_Winkel_90.png;0.2152
P_006_quad_Winkel_360_crp_x12_y7_Winkel_180.png;0.4344
P_006_quad_Winkel_360_crp_x12_y7_Winkel_270.png;0.2348
P_006_quad_Winkel_360_crp_x12_y7_Winkel_360.png;0.0348
P_006_quad_Winkel_360_crp_x12_y7_Winkel_90.png;0.2348
P_006_quad_Winkel_360_crp_x12_y8_Winkel_180.png;0.4264
P_006_quad_Winkel_360_crp_x12_y8_Winkel_270.png;0.2268
P_006_quad_Winkel_360_crp_x12_y8_Winkel_360.png;0.0268
P_006_quad_Winkel_360_crp_x12_y8_Winkel_90.png;0.2268
P_006_quad_Winkel_360_crp_x12_y9_Winkel_180.png;0.5236
P_006_quad_Winkel_360_crp_x12_y9_Winkel_270.png;0.324
P_006_quad_Winkel_360_crp_x12_y9_Winkel_360.png;0.1228
P_006_quad_Winkel_360_crp_x12_y9_Winkel_90.png;0.3228
P_006_quad_Winkel_360_crp_x13_y10_Winkel_180.png;0.4564
P_006_quad_Winkel_360_crp_x13_y10_Winkel_270.png;0.2568
P_006_quad_Winkel_360_crp_x13_y10_Winkel_360.png;0.0568
P_006_quad_Winkel_360_crp_x13_y10_Winkel_90.png;0.2568
P_006_quad_Winkel_360_crp_x13_y11_Winkel_180.png;0.4704
P_006_quad_Winkel_360_crp_x13_y11_Winkel_270.png;0.2776
P_006_quad_Winkel_360_crp_x13_y11_Winkel_360.png;0.0776
P_006_quad_Winkel_360_crp_x13_y11_Winkel_90.png;0.2708
P_006_quad_Winkel_360_crp_x13_y12_Winkel_180.png;0.5408
P_006_quad_Winkel_360_crp_x13_y12_Winkel_270.png;0.3412
P_006_quad_Winkel_360_crp_x13_y12_Winkel_360.png;0.1416
P_006_quad_Winkel_360_crp_x13_y12_Winkel_90.png;0.3416
P_006_quad_Winkel_360_crp_x13_y13_Winkel_180.png;0.4448
P_006_quad_Winkel_360_crp_x13_y13_Winkel_270.png;0.2436
P_006_quad_Winkel_360_crp_x13_y13_Winkel_360.png;0.0436
P_006_quad_Winkel_360_crp_x13_y13_Winkel_90.png;0.2452
P_006_quad_Winkel_360_crp_x13_y14_Winkel_180.png;0.7912
P_006_quad_Winkel_360_crp_x13_y14_Winkel_270.png;0.5912
P_006_quad_Winkel_360_crp_x13_y14_Winkel_360.png;0.3912
P_006_quad_Winkel_360_crp_x13_y14_Winkel_90.png;0.5916
P_006_quad_Winkel_360_crp_x13_y1_Winkel_180.png;0.5168
P_006_quad_Winkel_360_crp_x13_y1_Winkel_270.png;0.3188
P_006_quad_Winkel_360_crp_x13_y1_Winkel_360.png;0.1188
P_006_quad_Winkel_360_crp_x13_y1_Winkel_90.png;0.3172
P_006_quad_Winkel_360_crp_x13_y2_Winkel_180.png;0.4236
P_006_quad_Winkel_360_crp_x13_y2_Winkel_270.png;0.224
P_006_quad_Winkel_360_crp_x13_y2_Winkel_360.png;0.0216
P_006_quad_Winkel_360_crp_x13_y2_Winkel_90.png;0.2216
P_006_quad_Winkel_360_crp_x13_y3_Winkel_180.png;0.4044
P_006_quad_Winkel_360_crp_x13_y3_Winkel_270.png;0.2048
P_006_quad_Winkel_360_crp_x13_y3_Winkel_360.png;0.0048
P_006_quad_Winkel_360_crp_x13_y3_Winkel_90.png;0.2048
P_006_quad_Winkel_360_crp_x13_y4_Winkel_180.png;0.4856
P_006_quad_Winkel_360_crp_x13_y4_Winkel_270.png;0.286
P_006_quad_Winkel_360_crp_x13_y4_Winkel_360.png;0.086
P_006_quad_Winkel_360_crp_x13_y4_Winkel_90.png;0.286
P_006_quad_Winkel_360_crp_x13_y5_Winkel_180.png;0.4324
P_006_quad_Winkel_360_crp_x13_y5_Winkel_270.png;0.2328
P_006_quad_Winkel_360_crp_x13_y5_Winkel_360.png;0.0328
P_006_quad_Winkel_360_crp_x13_y5_Winkel_90.png;0.2328
P_006_quad_Winkel_360_crp_x13_y6_Winkel_180.png;0.5728
P_006_quad_Winkel_360_crp_x13_y6_Winkel_270.png;0.3732
P_006_quad_Winkel_360_crp_x13_y6_Winkel_360.png;0.1732
P_006_quad_Winkel_360_crp_x13_y6_Winkel_90.png;0.3732
P_006_quad_Winkel_360_crp_x13_y7_Winkel_180.png;0.4588
P_006_quad_Winkel_360_crp_x13_y7_Winkel_270.png;0.2544
P_006_quad_Winkel_360_crp_x13_y7_Winkel_360.png;0.0544
P_006_quad_Winkel_360_crp_x13_y7_Winkel_90.png;0.2592
P_006_quad_Winkel_360_crp_x13_y8_Winkel_180.png;0.4248
P_006_quad_Winkel_360_crp_x13_y8_Winkel_270.png;0.228
P_006_quad_Winkel_360_crp_x13_y8_Winkel_360.png;0.028
P_006_quad_Winkel_360_crp_x13_y8_Winkel_90.png;0.2252
P_006_quad_Winkel_360_crp_x13_y9_Winkel_180.png;0.4148
P_006_quad_Winkel_360_crp_x13_y9_Winkel_270.png;0.2152
P_006_quad_Winkel_360_crp_x13_y9_Winkel_360.png;0.0152
P_006_quad_Winkel_360_crp_x13_y9_Winkel_90.png;0.2152
P_006_quad_Winkel_360_crp_x1_y10_Winkel_180.png;0.4492
P_006_quad_Winkel_360_crp_x1_y10_Winkel_270.png;0.2496
P_006_quad_Winkel_360_crp_x1_y10_Winkel_360.png;0.0496
P_006_quad_Winkel_360_crp_x1_y10_Winkel_90.png;0.2496
P_006_quad_Winkel_360_crp_x1_y11_Winkel_180.png;0.4512
P_006_quad_Winkel_360_crp_x1_y11_Winkel_270.png;0.2516
P_006_quad_Winkel_360_crp_x1_y11_Winkel_360.png;0.052
P_006_quad_Winkel_360_crp_x1_y11_Winkel_90.png;0.252
P_006_quad_Winkel_360_crp_x1_y12_Winkel_180.png;0.724
P_006_quad_Winkel_360_crp_x1_y12_Winkel_270.png;0.5244
P_006_quad_Winkel_360_crp_x1_y12_Winkel_360.png;0.326
P_006_quad_Winkel_360_crp_x1_y12_Winkel_90.png;0.526
P_006_quad_Winkel_360_crp_x1_y13_Winkel_180.png;0.4584
P_006_quad_Winkel_360_crp_x1_y13_Winkel_270.png;0.2588
P_006_quad_Winkel_360_crp_x1_y13_Winkel_360.png;0.0588
P_006_quad_Winkel_360_crp_x1_y13_Winkel_90.png;0.2588
P_006_quad_Winkel_360_crp_x1_y14_Winkel_180.png;0.4208
P_006_quad_Winkel_360_crp_x1_y14_Winkel_270.png;0.2212
P_006_quad_Winkel_360_crp_x1_y14_Winkel_360.png;0.0212
P_006_quad_Winkel_360_crp_x1_y14_Winkel_90.png;0.2212
P_006_quad_Winkel_360_crp_x1_y1_Winkel_180.png;0.49
P_006_quad_Winkel_360_crp_x1_y1_Winkel_270.png;0.2904
P_006_quad_Winkel_360_crp_x1_y1_Winkel_360.png;0.0904
P_006_quad_Winkel_360_crp_x1_y1_Winkel_90.png;0.2904
P_006_quad_Winkel_360_crp_x1_y2_Winkel_180.png;0.48
P_006_quad_Winkel_360_crp_x1_y2_Winkel_270.png;0.2804
P_006_quad_Winkel_360_crp_x1_y2_Winkel_360.png;0.0804
P_006_quad_Winkel_360_crp_x1_y2_Winkel_90.png;0.2804
P_006_quad_Winkel_360_crp_x1_y3_Winkel_180.png;0.4212
P_006_quad_Winkel_360_crp_x1_y3_Winkel_270.png;0.2216
P_006_quad_Winkel_360_crp_x1_y3_Winkel_360.png;0.0216
P_006_quad_Winkel_360_crp_x1_y3_Winkel_90.png;0.2216
P_006_quad_Winkel_360_crp_x1_y4_Winkel_180.png;0.5496
P_006_quad_Winkel_360_crp_x1_y4_Winkel_270.png;0.35
P_006_quad_Winkel_360_crp_x1_y4_Winkel_360.png;0.15
P_006_quad_Winkel_360_crp_x1_y4_Winkel_90.png;0.35
P_006_quad_Winkel_360_crp_x1_y5_Winkel_180.png;0.5432
P_006_quad_Winkel_360_crp_x1_y5_Winkel_270.png;0.3436
P_006_quad_Winkel_360_crp_x1_y5_Winkel_360.png;0.1436
P_006_quad_Winkel_360_crp_x1_y5_Winkel_90.png;0.3436
P_006_quad_Winkel_360_crp_x1_y6_Winkel_180.png;0.5096
P_006_quad_Winkel_360_crp_x1_y6_Winkel_270.png;0.31
P_006_quad_Winkel_360_crp_x1_y6_Winkel_360.png;0.11
P_006_quad_Winkel_360_crp_x1_y6_Winkel_90.png;0.31
P_006_quad_Winkel_360_crp_x1_y7_Winkel_180.png;0.4252
P_006_quad_Winkel_360_crp_x1_y7_Winkel_270.png;0.2256
P_006_quad_Winkel_360_crp_x1_y7_Winkel_360.png;0.0256
P_006_quad_Winkel_360_crp_x1_y7_Winkel_90.png;0.2256
P_006_quad_Winkel_360_crp_x1_y8_Winkel_180.png;0.4528
P_006_quad_Winkel_360_crp_x1_y8_Winkel_270.png;0.2532
P_006_quad_Winkel_360_crp_x1_y8_Winkel_360.png;0.0532
P_006_quad_Winkel_360_crp_x1_y8_Winkel_90.png;0.2532
P_006_quad_Winkel_360_crp_x1_y9_Winkel_180.png;0.4832
P_006_quad_Winkel_360_crp_x1_y9_Winkel_270.png;0.284
P_006_quad_Winkel_360_crp_x1_y9_Winkel_360.png;0.084
P_006_quad_Winkel_360_crp_x1_y9_Winkel_90.png;0.2836
P_006_quad_Winkel_360_crp_x2_y10_Winkel_180.png;0.526
P_006_quad_Winkel_360_crp_x2_y10_Winkel_270.png;0.3264
P_006_quad_Winkel_360_crp_x2_y10_Winkel_360.png;0.1264
P_006_quad_Winkel_360_crp_x2_y10_Winkel_90.png;0.3264
P_006_quad_Winkel_360_crp_x2_y11_Winkel_180.png;0.4324
P_006_quad_Winkel_360_crp_x2_y11_Winkel_270.png;0.2328
P_006_quad_Winkel_360_crp_x2_y11_Winkel_360.png;0.0328
P_006_quad_Winkel_360_crp_x2_y11_Winkel_90.png;0.2328
P_006_quad_Winkel_360_crp_x2_y12_Winkel_180.png;0.6532
P_006_quad_Winkel_360_crp_x2_y12_Winkel_270.png;0.4528
P_006_quad_Winkel_360_crp_x2_y12_Winkel_360.png;0.2528
P_006_quad_Winkel_360_crp_x2_y12_Winkel_90.png;0.4536
P_006_quad_Winkel_360_crp_x2_y13_Winkel_180.png;0.5688
P_006_quad_Winkel_360_crp_x2_y13_Winkel_270.png;0.3692
P_006_quad_Winkel_360_crp_x2_y13_Winkel_360.png;0.1692
P_006_quad_Winkel_360_crp_x2_y13_Winkel_90.png;0.3692
P_006_quad_Winkel_360_crp_x2_y14_Winkel_180.png;0.4216
P_006_quad_Winkel_360_crp_x2_y14_Winkel_270.png;0.222
P_006_quad_Winkel_360_crp_x2_y14_Winkel_360.png;0.022
P_006_quad_Winkel_360_crp_x2_y14_Winkel_90.png;0.222
P_006_quad_Winkel_360_crp_x2_y1_Winkel_180.png;0.5924
P_006_quad_Winkel_360_crp_x2_y1_Winkel_270.png;0.3976
P_006_quad_Winkel_360_crp_x2_y1_Winkel_360.png;0.1976
P_006_quad_Winkel_360_crp_x2_y1_Winkel_90.png;0.3928
P_006_quad_Winkel_360_crp_x2_y2_Winkel_180.png;0.4408
P_006_quad_Winkel_360_crp_x2_y2_Winkel_270.png;0.2404
P_006_quad_Winkel_360_crp_x2_y2_Winkel_360.png;0.0484
P_006_quad_Winkel_360_crp_x2_y2_Winkel_90.png;0.2492
P_006_quad_Winkel_360_crp_x2_y3_Winkel_180.png;0.5144
P_006_quad_Winkel_360_crp_x2_y3_Winkel_270.png;0.3116
P_006_quad_Winkel_360_crp_x2_y3_Winkel_360.png;0.1124
P_006_quad_Winkel_360_crp_x2_y3_Winkel_90.png;0.3156
P_006_quad_Winkel_360_crp_x2_y4_Winkel_180.png;0.5524
P_006_quad_Winkel_360_crp_x2_y4_Winkel_270.png;0.352
P_006_quad_Winkel_360_crp_x2_y4_Winkel_360.png;0.152
P_006_quad_Winkel_360_crp_x2_y4_Winkel_90.png;0.3528
P_006_quad_Winkel_360_crp_x2_y5_Winkel_180.png;0.5884
P_006_quad_Winkel_360_crp_x2_y5_Winkel_270.png;0.3892
P_006_quad_Winkel_360_crp_x2_y5_Winkel_360.png;0.1892
P_006_quad_Winkel_360_crp_x2_y5_Winkel_90.png;0.3888
P_006_quad_Winkel_360_crp_x2_y6_Winkel_180.png;0.4128
P_006_quad_Winkel_360_crp_x2_y6_Winkel_270.png;0.2132
P_006_quad_Winkel_360_crp_x2_y6_Winkel_360.png;0.0132
P_006_quad_Winkel_360_crp_x2_y6_Winkel_90.png;0.2132
P_006_quad_Winkel_360_crp_x2_y7_Winkel_180.png;0.6148
P_006_quad_Winkel_360_crp_x2_y7_Winkel_270.png;0.4128
P_006_quad_Winkel_360_crp_x2_y7_Winkel_360.png;0.2128
P_006_quad_Winkel_360_crp_x2_y7_Winkel_90.png;0.4152
P_006_quad_Winkel_360_crp_x2_y8_Winkel_180.png;0.4668
P_006_quad_Winkel_360_crp_x2_y8_Winkel_270.png;0.2672
P_006_quad_Winkel_360_crp_x2_y8_Winkel_360.png;0.0672
P_006_quad_Winkel_360_crp_x2_y8_Winkel_90.png;0.2672
P_006_quad_Winkel_360_crp_x2_y9_Winkel_180.png;0.4628
P_006_quad_Winkel_360_crp_x2_y9_Winkel_270.png;0.2632
P_006_quad_Winkel_360_crp_x2_y9_Winkel_360.png;0.0632
P_006_quad_Winkel_360_crp_x2_y9_Winkel_90.png;0.2632
P_006_quad_Winkel_360_crp_x3_y10_Winkel_180.png;0.4248
P_006_quad_Winkel_360_crp_x3_y10_Winkel_270.png;0.2252
P_006_quad_Winkel_360_crp_x3_y10_Winkel_360.png;0.0252
P_006_quad_Winkel_360_crp_x3_y10_Winkel_90.png;0.2252
P_006_quad_Winkel_360_crp_x3_y11_Winkel_180.png;0.5056
P_006_quad_Winkel_360_crp_x3_y11_Winkel_270.png;0.306
P_006_quad_Winkel_360_crp_x3_y11_Winkel_360.png;0.106
P_006_quad_Winkel_360_crp_x3_y11_Winkel_90.png;0.306
P_006_quad_Winkel_360_crp_x3_y12_Winkel_180.png;0.5272
P_006_quad_Winkel_360_crp_x3_y12_Winkel_270.png;0.3276
P_006_quad_Winkel_360_crp_x3_y12_Winkel_360.png;0.1276
P_006_quad_Winkel_360_crp_x3_y12_Winkel_90.png;0.3276
P_006_quad_Winkel_360_crp_x3_y13_Winkel_180.png;0.4584
P_006_quad_Winkel_360_crp_x3_y13_Winkel_270.png;0.2588
P_006_quad_Winkel_360_crp_x3_y13_Winkel_360.png;0.0588
P_006_quad_Winkel_360_crp_x3_y13_Winkel_90.png;0.2588
P_006_quad_Winkel_360_crp_x3_y14_Winkel_180.png;0.4132
P_006_quad_Winkel_360_crp_x3_y14_Winkel_270.png;0.2136
P_006_quad_Winkel_360_crp_x3_y14_Winkel_360.png;0.0136
P_006_quad_Winkel_360_crp_x3_y14_Winkel_90.png;0.2136
P_006_quad_Winkel_360_crp_x3_y1_Winkel_180.png;0.422
P_006_quad_Winkel_360_crp_x3_y1_Winkel_270.png;0.2224
P_006_quad_Winkel_360_crp_x3_y1_Winkel_360.png;0.0212
P_006_quad_Winkel_360_crp_x3_y1_Winkel_90.png;0.2212
P_006_quad_Winkel_360_crp_x3_y2_Winkel_180.png;0.4096
P_006_quad_Winkel_360_crp_x3_y2_Winkel_270.png;0.21
P_006_quad_Winkel_360_crp_x3_y2_Winkel_360.png;0.01
P_006_quad_Winkel_360_crp_x3_y2_Winkel_90.png;0.21
P_006_quad_Winkel_360_crp_x3_y3_Winkel_180.png;0.408
P_006_quad_Winkel_360_crp_x3_y3_Winkel_270.png;0.2084
P_006_quad_Winkel_360_crp_x3_y3_Winkel_360.png;0.0084
P_006_quad_Winkel_360_crp_x3_y3_Winkel_90.png;0.2084
P_006_quad_Winkel_360_crp_x3_y4_Winkel_180.png;0.5552
P_006_quad_Winkel_360_crp_x3_y4_Winkel_270.png;0.3516
P_006_quad_Winkel_360_crp_x3_y4_Winkel_360.png;0.1516
P_006_quad_Winkel_360_crp_x3_y4_Winkel_90.png;0.3556
P_006_quad_Winkel_360_crp_x3_y5_Winkel_180.png;0.54
P_006_quad_Winkel_360_crp_x3_y5_Winkel_270.png;0.3404
P_006_quad_Winkel_360_crp_x3_y5_Winkel_360.png;0.1404
P_006_quad_Winkel_360_crp_x3_y5_Winkel_90.png;0.3404
P_006_quad_Winkel_360_crp_x3_y6_Winkel_180.png;0.4408
P_006_quad_Winkel_360_crp_x3_y6_Winkel_270.png;0.2412
P_006_quad_Winkel_360_crp_x3_y6_Winkel_360.png;0.0412
P_006_quad_Winkel_360_crp_x3_y6_Winkel_90.png;0.2412
P_006_quad_Winkel_360_crp_x3_y7_Winkel_180.png;0.5976
P_006_quad_Winkel_360_crp_x3_y7_Winkel_270.png;0.398
P_006_quad_Winkel_360_crp_x3_y7_Winkel_360.png;0.198
P_006_quad_Winkel_360_crp_x3_y7_Winkel_90.png;0.398
P_006_quad_Winkel_360_crp_x3_y8_Winkel_180.png;0.5644
P_006_quad_Winkel_360_crp_x3_y8_Winkel_270.png;0.3648
P_006_quad_Winkel_360_crp_x3_y8_Winkel_360.png;0.1652
P_006_quad_Winkel_360_crp_x3_y8_Winkel_90.png;0.3652
P_006_quad_Winkel_360_crp_x3_y9_Winkel_180.png;0.5928
P_006_quad_Winkel_360_crp_x3_y9_Winkel_270.png;0.3932
P_006_quad_Winkel_360_crp_x3_y9_Winkel_360.png;0.1932
P_006_quad_Winkel_360_crp_x3_y9_Winkel_90.png;0.3932
P_006_quad_Winkel_360_crp_x4_y10_Winkel_180.png;0.6556
P_006_quad_Winkel_360_crp_x4_y10_Winkel_270.png;0.456
P_006_quad_Winkel_360_crp_x4_y10_Winkel_360.png;0.256
P_006_quad_Winkel_360_crp_x4_y10_Winkel_90.png;0.456
P_006_quad_Winkel_360_crp_x4_y11_Winkel_180.png;0.4328
P_006_quad_Winkel_360_crp_x4_y11_Winkel_270.png;0.2332
P_006_quad_Winkel_360_crp_x4_y11_Winkel_360.png;0.0344
P_006_quad_Winkel_360_crp_x4_y11_Winkel_90.png;0.2344
P_006_quad_Winkel_360_crp_x4_y12_Winkel_180.png;0.4192
P_006_quad_Winkel_360_crp_x4_y12_Winkel_270.png;0.2196
P_006_quad_Winkel_360_crp_x4_y12_Winkel_360.png;0.02
P_006_quad_Winkel_360_crp_x4_y12_Winkel_90.png;0.22
P_006_quad_Winkel_360_crp_x4_y13_Winkel_180.png;0.4484
P_006_quad_Winkel_360_crp_x4_y13_Winkel_270.png;0.2488
P_006_quad_Winkel_360_crp_x4_y13_Winkel_360.png;0.0488
P_006_quad_Winkel_360_crp_x4_y13_Winkel_90.png;0.2488
P_006_quad_Winkel_360_crp_x4_y14_Winkel_180.png;0.5352
P_006_quad_Winkel_360_crp_x4_y14_Winkel_270.png;0.3356
P_006_quad_Winkel_360_crp_x4_y14_Winkel_360.png;0.1356
P_006_quad_Winkel_360_crp_x4_y14_Winkel_90.png;0.3356
P_006_quad_Winkel_360_crp_x4_y1_Winkel_180.png;0.6004
P_006_quad_Winkel_360_crp_x4_y1_Winkel_270.png;0.4084
P_006_quad_Winkel_360_crp_x4_y1_Winkel_360.png;0.2084
P_006_quad_Winkel_360_crp_x4_y1_Winkel_90.png;0.4008
P_006_quad_Winkel_360_crp_x4_y2_Winkel_180.png;0.428
P_006_quad_Winkel_360_crp_x4_y2_Winkel_270.png;0.2224
P_006_quad_Winkel_360_crp_x4_y2_Winkel_360.png;0.0224
P_006_quad_Winkel_360_crp_x4_y2_Winkel_90.png;0.2284
P_006_quad_Winkel_360_crp_x4_y3_Winkel_180.png;0.4132
P_006_quad_Winkel_360_crp_x4_y3_Winkel_270.png;0.2152
P_006_quad_Winkel_360_crp_x4_y3_Winkel_360.png;0.0152
P_006_quad_Winkel_360_crp_x4_y3_Winkel_90.png;0.2136
P_006_quad_Winkel_360_crp_x4_y4_Winkel_180.png;0.4188
P_006_quad_Winkel_360_crp_x4_y4_Winkel_270.png;0.2192
P_006_quad_Winkel_360_crp_x4_y4_Winkel_360.png;0.0192
P_006_quad_Winkel_360_crp_x4_y4_Winkel_90.png;0.2192
P_006_quad_Winkel_360_crp_x4_y5_Winkel_180.png;0.4624
P_006_quad_Winkel_360_crp_x4_y5_Winkel_270.png;0.2628
P_006_quad_Winkel_360_crp_x4_y5_Winkel_360.png;0.0628
P_006_quad_Winkel_360_crp_x4_y5_Winkel_90.png;0.2628
P_006_quad_Winkel_360_crp_x4_y6_Winkel_180.png;0.4816
P_006_quad_Winkel_360_crp_x4_y6_Winkel_270.png;0.2832
P_006_quad_Winkel_360_crp_x4_y6_Winkel_360.png;0.0832
P_006_quad_Winkel_360_crp_x4_y6_Winkel_90.png;0.282
P_006_quad_Winkel_360_crp_x4_y7_Winkel_180.png;0.4332
P_006_quad_Winkel_360_crp_x4_y7_Winkel_270.png;0.2336
P_006_quad_Winkel_360_crp_x4_y7_Winkel_360.png;0.0336
P_006_quad_Winkel_360_crp_x4_y7_Winkel_90.png;0.2336
P_006_quad_Winkel_360_crp_x4_y8_Winkel_180.png;0.408
P_006_quad_Winkel_360_crp_x4_y8_Winkel_270.png;0.2084
P_006_quad_Winkel_360_crp_x4_y8_Winkel_360.png;0.0084
P_006_quad_Winkel_360_crp_x4_y8_Winkel_90.png;0.2084
P_006_quad_Winkel_360_crp_x4_y9_Winkel_180.png;0.4952
P_006_quad_Winkel_360_crp_x4_y9_Winkel_270.png;0.2956
P_006_quad_Winkel_360_crp_x4_y9_Winkel_360.png;0.0956
P_006_quad_Winkel_360_crp_x4_y9_Winkel_90.png;0.2956
P_006_quad_Winkel_360_crp_x5_y10_Winkel_180.png;0.5064
P_006_quad_Winkel_360_crp_x5_y10_Winkel_270.png;0.3068
P_006_quad_Winkel_360_crp_x5_y10_Winkel_360.png;0.1068
P_006_quad_Winkel_360_crp_x5_y10_Winkel_90.png;0.3068
P_006_quad_Winkel_360_crp_x5_y11_Winkel_180.png;11.308
P_006_quad_Winkel_360_crp_x5_y11_Winkel_270.png;0.9396
P_006_quad_Winkel_360_crp_x5_y11_Winkel_360.png;0.7396
P_006_quad_Winkel_360_crp_x5_y11_Winkel_90.png;0.9312
P_006_quad_Winkel_360_crp_x5_y12_Winkel_180.png;0.4192
P_006_quad_Winkel_360_crp_x5_y12_Winkel_270.png;0.2196
P_006_quad_Winkel_360_crp_x5_y12_Winkel_360.png;0.0196
P_006_quad_Winkel_360_crp_x5_y12_Winkel_90.png;0.2196
P_006_quad_Winkel_360_crp_x5_y13_Winkel_180.png;0.4876
P_006_quad_Winkel_360_crp_x5_y13_Winkel_270.png;0.288
P_006_quad_Winkel_360_crp_x5_y13_Winkel_360.png;0.088
P_006_quad_Winkel_360_crp_x5_y13_Winkel_90.png;0.288
P_006_quad_Winkel_360_crp_x5_y14_Winkel_180.png;0.414
P_006_quad_Winkel_360_crp_x5_y14_Winkel_270.png;0.2144
P_006_quad_Winkel_360_crp_x5_y14_Winkel_360.png;0.0144
P_006_quad_Winkel_360_crp_x5_y14_Winkel_90.png;0.2144
P_006_quad_Winkel_360_crp_x5_y1_Winkel_180.png;0.4396
P_006_quad_Winkel_360_crp_x5_y1_Winkel_270.png;0.24
P_006_quad_Winkel_360_crp_x5_y1_Winkel_360.png;0.04
P_006_quad_Winkel_360_crp_x5_y1_Winkel_90.png;0.24
P_006_quad_Winkel_360_crp_x5_y2_Winkel_180.png;0.4368
P_006_quad_Winkel_360_crp_x5_y2_Winkel_270.png;0.2372
P_006_quad_Winkel_360_crp_x5_y2_Winkel_360.png;0.0372
P_006_quad_Winkel_360_crp_x5_y2_Winkel_90.png;0.2372
P_006_quad_Winkel_360_crp_x5_y3_Winkel_180.png;0.4292
P_006_quad_Winkel_360_crp_x5_y3_Winkel_270.png;0.2296
P_006_quad_Winkel_360_crp_x5_y3_Winkel_360.png;0.0304
P_006_quad_Winkel_360_crp_x5_y3_Winkel_90.png;0.2304
P_006_quad_Winkel_360_crp_x5_y4_Winkel_180.png;0.412
P_006_quad_Winkel_360_crp_x5_y4_Winkel_270.png;0.2112
P_006_quad_Winkel_360_crp_x5_y4_Winkel_360.png;0.0112
P_006_quad_Winkel_360_crp_x5_y4_Winkel_90.png;0.2124
P_006_quad_Winkel_360_crp_x5_y5_Winkel_180.png;0.4488
P_006_quad_Winkel_360_crp_x5_y5_Winkel_270.png;0.2492
P_006_quad_Winkel_360_crp_x5_y5_Winkel_360.png;0.0492
P_006_quad_Winkel_360_crp_x5_y5_Winkel_90.png;0.2492
P_006_quad_Winkel_360_crp_x5_y6_Winkel_180.png;0.4788
P_006_quad_Winkel_360_crp_x5_y6_Winkel_270.png;0.2792
P_006_quad_Winkel_360_crp_x5_y6_Winkel_360.png;0.0792
P_006_quad_Winkel_360_crp_x5_y6_Winkel_90.png;0.2792
P_006_quad_Winkel_360_crp_x5_y7_Winkel_180.png;0.4312
P_006_quad_Winkel_360_crp_x5_y7_Winkel_270.png;0.2316
P_006_quad_Winkel_360_crp_x5_y7_Winkel_360.png;0.0316
P_006_quad_Winkel_360_crp_x5_y7_Winkel_90.png;0.2316
P_006_quad_Winkel_360_crp_x5_y8_Winkel_180.png;0.4544
P_006_quad_Winkel_360_crp_x5_y8_Winkel_270.png;0.2548
P_006_quad_Winkel_360_crp_x5_y8_Winkel_360.png;0.0548
P_006_quad_Winkel_360_crp_x5_y8_Winkel_90.png;0.2548
P_006_quad_Winkel_360_crp_x5_y9_Winkel_180.png;0.4508
P_006_quad_Winkel_360_crp_x5_y9_Winkel_270.png;0.2528
P_006_quad_Winkel_360_crp_x5_y9_Winkel_360.png;0.0572
P_006_quad_Winkel_360_crp_x5_y9_Winkel_90.png;0.2556
P_006_quad_Winkel_360_crp_x6_y10_Winkel_180.png;0.5312
P_006_quad_Winkel_360_crp_x6_y10_Winkel_270.png;0.3332
P_006_quad_Winkel_360_crp_x6_y10_Winkel_360.png;0.1332
P_006_quad_Winkel_360_crp_x6_y10_Winkel_90.png;0.3316
P_006_quad_Winkel_360_crp_x6_y11_Winkel_180.png;0.5524
P_006_quad_Winkel_360_crp_x6_y11_Winkel_270.png;0.3528
P_006_quad_Winkel_360_crp_x6_y11_Winkel_360.png;0.1536
P_006_quad_Winkel_360_crp_x6_y11_Winkel_90.png;0.3536
P_006_quad_Winkel_360_crp_x6_y12_Winkel_180.png;0.4768
P_006_quad_Winkel_360_crp_x6_y12_Winkel_270.png;0.2772
P_006_quad_Winkel_360_crp_x6_y12_Winkel_360.png;0.0716
P_006_quad_Winkel_360_crp_x6_y12_Winkel_90.png;0.2716
P_006_quad_Winkel_360_crp_x6_y13_Winkel_180.png;0.4508
P_006_quad_Winkel_360_crp_x6_y13_Winkel_270.png;0.2512
P_006_quad_Winkel_360_crp_x6_y13_Winkel_360.png;0.0512
P_006_quad_Winkel_360_crp_x6_y13_Winkel_90.png;0.2512
P_006_quad_Winkel_360_crp_x6_y14_Winkel_180.png;0.4304
P_006_quad_Winkel_360_crp_x6_y14_Winkel_270.png;0.2308
P_006_quad_Winkel_360_crp_x6_y14_Winkel_360.png;0.0308
P_006_quad_Winkel_360_crp_x6_y14_Winkel_90.png;0.2308
P_006_quad_Winkel_360_crp_x6_y1_Winkel_180.png;0.4608
P_006_quad_Winkel_360_crp_x6_y1_Winkel_270.png;0.2612
P_006_quad_Winkel_360_crp_x6_y1_Winkel_360.png;0.0616
P_006_quad_Winkel_360_crp_x6_y1_Winkel_90.png;0.2616
P_006_quad_Winkel_360_crp_x6_y2_Winkel_180.png;0.4696
P_006_quad_Winkel_360_crp_x6_y2_Winkel_270.png;0.27
P_006_quad_Winkel_360_crp_x6_y2_Winkel_360.png;0.07
P_006_quad_Winkel_360_crp_x6_y2_Winkel_90.png;0.27
P_006_quad_Winkel_360_crp_x6_y3_Winkel_180.png;0.4744
P_006_quad_Winkel_360_crp_x6_y3_Winkel_270.png;0.2832
P_006_quad_Winkel_360_crp_x6_y3_Winkel_360.png;0.0832
P_006_quad_Winkel_360_crp_x6_y3_Winkel_90.png;0.2748
P_006_quad_Winkel_360_crp_x6_y4_Winkel_180.png;0.4088
P_006_quad_Winkel_360_crp_x6_y4_Winkel_270.png;0.2092
P_006_quad_Winkel_360_crp_x6_y4_Winkel_360.png;0.0092
P_006_quad_Winkel_360_crp_x6_y4_Winkel_90.png;0.2092
P_006_quad_Winkel_360_crp_x6_y5_Winkel_180.png;0.4064
P_006_quad_Winkel_360_crp_x6_y5_Winkel_270.png;0.2068
P_006_quad_Winkel_360_crp_x6_y5_Winkel_360.png;0.0068
P_006_quad_Winkel_360_crp_x6_y5_Winkel_90.png;0.2068
P_006_quad_Winkel_360_crp_x6_y6_Winkel_180.png;0.4492
P_006_quad_Winkel_360_crp_x6_y6_Winkel_270.png;0.2496
P_006_quad_Winkel_360_crp_x6_y6_Winkel_360.png;0.0496
P_006_quad_Winkel_360_crp_x6_y6_Winkel_90.png;0.2496
P_006_quad_Winkel_360_crp_x6_y7_Winkel_180.png;0.432
P_006_quad_Winkel_360_crp_x6_y7_Winkel_270.png;0.2324
P_006_quad_Winkel_360_crp_x6_y7_Winkel_360.png;0.0316
P_006_quad_Winkel_360_crp_x6_y7_Winkel_90.png;0.2316
P_006_quad_Winkel_360_crp_x6_y8_Winkel_180.png;13.604
P_006_quad_Winkel_360_crp_x6_y8_Winkel_270.png;11.608
P_006_quad_Winkel_360_crp_x6_y8_Winkel_360.png;0.9608
P_006_quad_Winkel_360_crp_x6_y8_Winkel_90.png;11.608
P_006_quad_Winkel_360_crp_x6_y9_Winkel_180.png;0.442
P_006_quad_Winkel_360_crp_x6_y9_Winkel_270.png;0.2412
P_006_quad_Winkel_360_crp_x6_y9_Winkel_360.png;0.0412
P_006_quad_Winkel_360_crp_x6_y9_Winkel_90.png;0.2424
P_006_quad_Winkel_360_crp_x7_y10_Winkel_180.png;0.5356
P_006_quad_Winkel_360_crp_x7_y10_Winkel_270.png;0.336
P_006_quad_Winkel_360_crp_x7_y10_Winkel_360.png;0.136
P_006_quad_Winkel_360_crp_x7_y10_Winkel_90.png;0.336
P_006_quad_Winkel_360_crp_x7_y11_Winkel_180.png;0.6548
P_006_quad_Winkel_360_crp_x7_y11_Winkel_270.png;0.4552
P_006_quad_Winkel_360_crp_x7_y11_Winkel_360.png;0.2552
P_006_quad_Winkel_360_crp_x7_y11_Winkel_90.png;0.4552
P_006_quad_Winkel_360_crp_x7_y12_Winkel_180.png;0.4352
P_006_quad_Winkel_360_crp_x7_y12_Winkel_270.png;0.2348
P_006_quad_Winkel_360_crp_x7_y12_Winkel_360.png;0.0376
P_006_quad_Winkel_360_crp_x7_y12_Winkel_90.png;0.2384
P_006_quad_Winkel_360_crp_x7_y13_Winkel_180.png;0.4088
P_006_quad_Winkel_360_crp_x7_y13_Winkel_270.png;0.2092
P_006_quad_Winkel_360_crp_x7_y13_Winkel_360.png;0.0092
P_006_quad_Winkel_360_crp_x7_y13_Winkel_90.png;0.2092
P_006_quad_Winkel_360_crp_x7_y14_Winkel_180.png;0.4144
P_006_quad_Winkel_360_crp_x7_y14_Winkel_270.png;0.2148
P_006_quad_Winkel_360_crp_x7_y14_Winkel_360.png;0.0148
P_006_quad_Winkel_360_crp_x7_y14_Winkel_90.png;0.2148
P_006_quad_Winkel_360_crp_x7_y1_Winkel_180.png;0.4664
P_006_quad_Winkel_360_crp_x7_y1_Winkel_270.png;0.2668
P_006_quad_Winkel_360_crp_x7_y1_Winkel_360.png;0.0668
P_006_quad_Winkel_360_crp_x7_y1_Winkel_90.png;0.2668
P_006_quad_Winkel_360_crp_x7_y2_Winkel_180.png;0.5936
P_006_quad_Winkel_360_crp_x7_y2_Winkel_270.png;0.394
P_006_quad_Winkel_360_crp_x7_y2_Winkel_360.png;0.194
P_006_quad_Winkel_360_crp_x7_y2_Winkel_90.png;0.394
P_006_quad_Winkel_360_crp_x7_y3_Winkel_180.png;0.5088
P_006_quad_Winkel_360_crp_x7_y3_Winkel_270.png;0.3092
P_006_quad_Winkel_360_crp_x7_y3_Winkel_360.png;0.112
P_006_quad_Winkel_360_crp_x7_y3_Winkel_90.png;0.312
P_006_quad_Winkel_360_crp_x7_y4_Winkel_180.png;0.4192
P_006_quad_Winkel_360_crp_x7_y4_Winkel_270.png;0.2196
P_006_quad_Winkel_360_crp_x7_y4_Winkel_360.png;0.0196
P_006_quad_Winkel_360_crp_x7_y4_Winkel_90.png;0.2196
P_006_quad_Winkel_360_crp_x7_y5_Winkel_180.png;0.4216
P_006_quad_Winkel_360_crp_x7_y5_Winkel_270.png;0.222
P_006_quad_Winkel_360_crp_x7_y5_Winkel_360.png;0.022
P_006_quad_Winkel_360_crp_x7_y5_Winkel_90.png;0.222
P_006_quad_Winkel_360_crp_x7_y6_Winkel_180.png;0.486
P_006_quad_Winkel_360_crp_x7_y6_Winkel_270.png;0.2864
P_006_quad_Winkel_360_crp_x7_y6_Winkel_360.png;0.0864
P_006_quad_Winkel_360_crp_x7_y6_Winkel_90.png;0.2864
P_006_quad_Winkel_360_crp_x7_y7_Winkel_180.png;0.6172
P_006_quad_Winkel_360_crp_x7_y7_Winkel_270.png;0.4164
P_006_quad_Winkel_360_crp_x7_y7_Winkel_360.png;0.2164
P_006_quad_Winkel_360_crp_x7_y7_Winkel_90.png;0.4176
P_006_quad_Winkel_360_crp_x7_y8_Winkel_180.png;0.4048
P_006_quad_Winkel_360_crp_x7_y8_Winkel_270.png;0.2052
P_006_quad_Winkel_360_crp_x7_y8_Winkel_360.png;0.0052
P_006_quad_Winkel_360_crp_x7_y8_Winkel_90.png;0.2052
P_006_quad_Winkel_360_crp_x7_y9_Winkel_180.png;0.4612
P_006_quad_Winkel_360_crp_x7_y9_Winkel_270.png;0.2616
P_006_quad_Winkel_360_crp_x7_y9_Winkel_360.png;0.0616
P_006_quad_Winkel_360_crp_x7_y9_Winkel_90.png;0.2616
P_006_quad_Winkel_360_crp_x8_y10_Winkel_180.png;0.5676
P_006_quad_Winkel_360_crp_x8_y10_Winkel_270.png;0.368
P_006_quad_Winkel_360_crp_x8_y10_Winkel_360.png;0.1652
P_006_quad_Winkel_360_crp_x8_y10_Winkel_90.png;0.3652
P_006_quad_Winkel_360_crp_x8_y11_Winkel_180.png;0.4712
P_006_quad_Winkel_360_crp_x8_y11_Winkel_270.png;0.2716
P_006_quad_Winkel_360_crp_x8_y11_Winkel_360.png;0.0716
P_006_quad_Winkel_360_crp_x8_y11_Winkel_90.png;0.2716
P_006_quad_Winkel_360_crp_x8_y12_Winkel_180.png;0.5028
P_006_quad_Winkel_360_crp_x8_y12_Winkel_270.png;0.3032
P_006_quad_Winkel_360_crp_x8_y12_Winkel_360.png;0.1032
P_006_quad_Winkel_360_crp_x8_y12_Winkel_90.png;0.3032
P_006_quad_Winkel_360_crp_x8_y13_Winkel_180.png;0.6944
P_006_quad_Winkel_360_crp_x8_y13_Winkel_270.png;0.4948
P_006_quad_Winkel_360_crp_x8_y13_Winkel_360.png;0.2948
P_006_quad_Winkel_360_crp_x8_y13_Winkel_90.png;0.4948
P_006_quad_Winkel_360_crp_x8_y14_Winkel_180.png;0.5228
P_006_quad_Winkel_360_crp_x8_y14_Winkel_270.png;0.3232
P_006_quad_Winkel_360_crp_x8_y14_Winkel_360.png;0.1232
P_006_quad_Winkel_360_crp_x8_y14_Winkel_90.png;0.3232
P_006_quad_Winkel_360_crp_x8_y1_Winkel_180.png;0.5256
P_006_quad_Winkel_360_crp_x8_y1_Winkel_270.png;0.3204
P_006_quad_Winkel_360_crp_x8_y1_Winkel_360.png;0.1188
P_006_quad_Winkel_360_crp_x8_y1_Winkel_90.png;0.3244
P_006_quad_Winkel_360_crp_x8_y2_Winkel_180.png;0.4576
P_006_quad_Winkel_360_crp_x8_y2_Winkel_270.png;0.2612
P_006_quad_Winkel_360_crp_x8_y2_Winkel_360.png;0.0612
P_006_quad_Winkel_360_crp_x8_y2_Winkel_90.png;0.258
P_006_quad_Winkel_360_crp_x8_y3_Winkel_180.png;0.414
P_006_quad_Winkel_360_crp_x8_y3_Winkel_270.png;0.2144
P_006_quad_Winkel_360_crp_x8_y3_Winkel_360.png;0.0144
P_006_quad_Winkel_360_crp_x8_y3_Winkel_90.png;0.2144
P_006_quad_Winkel_360_crp_x8_y4_Winkel_180.png;0.4076
P_006_quad_Winkel_360_crp_x8_y4_Winkel_270.png;0.208
P_006_quad_Winkel_360_crp_x8_y4_Winkel_360.png;0.008
P_006_quad_Winkel_360_crp_x8_y4_Winkel_90.png;0.208
P_006_quad_Winkel_360_crp_x8_y5_Winkel_180.png;0.554
P_006_quad_Winkel_360_crp_x8_y5_Winkel_270.png;0.3544
P_006_quad_Winkel_360_crp_x8_y5_Winkel_360.png;0.1532
P_006_quad_Winkel_360_crp_x8_y5_Winkel_90.png;0.3532
P_006_quad_Winkel_360_crp_x8_y6_Winkel_180.png;0.6628
P_006_quad_Winkel_360_crp_x8_y6_Winkel_270.png;0.4632
P_006_quad_Winkel_360_crp_x8_y6_Winkel_360.png;0.2632
P_006_quad_Winkel_360_crp_x8_y6_Winkel_90.png;0.4632
P_006_quad_Winkel_360_crp_x8_y7_Winkel_180.png;0.416
P_006_quad_Winkel_360_crp_x8_y7_Winkel_270.png;0.2164
P_006_quad_Winkel_360_crp_x8_y7_Winkel_360.png;0.0164
P_006_quad_Winkel_360_crp_x8_y7_Winkel_90.png;0.2164
P_006_quad_Winkel_360_crp_x8_y8_Winkel_180.png;0.4472
P_006_quad_Winkel_360_crp_x8_y8_Winkel_270.png;0.2428
P_006_quad_Winkel_360_crp_x8_y8_Winkel_360.png;0.0428
P_006_quad_Winkel_360_crp_x8_y8_Winkel_90.png;0.2476
P_006_quad_Winkel_360_crp_x8_y9_Winkel_180.png;0.5444
P_006_quad_Winkel_360_crp_x8_y9_Winkel_270.png;0.3444
P_006_quad_Winkel_360_crp_x8_y9_Winkel_360.png;0.1444
P_006_quad_Winkel_360_crp_x8_y9_Winkel_90.png;0.3448
P_006_quad_Winkel_360_crp_x9_y10_Winkel_180.png;0.6192
P_006_quad_Winkel_360_crp_x9_y10_Winkel_270.png;0.4196
P_006_quad_Winkel_360_crp_x9_y10_Winkel_360.png;0.2296
P_006_quad_Winkel_360_crp_x9_y10_Winkel_90.png;0.4296
P_006_quad_Winkel_360_crp_x9_y11_Winkel_180.png;0.714
P_006_quad_Winkel_360_crp_x9_y11_Winkel_270.png;0.5144
P_006_quad_Winkel_360_crp_x9_y11_Winkel_360.png;0.3144
P_006_quad_Winkel_360_crp_x9_y11_Winkel_90.png;0.5144
P_006_quad_Winkel_360_crp_x9_y12_Winkel_180.png;0.4476
P_006_quad_Winkel_360_crp_x9_y12_Winkel_270.png;0.248
P_006_quad_Winkel_360_crp_x9_y12_Winkel_360.png;0.048
P_006_quad_Winkel_360_crp_x9_y12_Winkel_90.png;0.248
P_006_quad_Winkel_360_crp_x9_y13_Winkel_180.png;0.5392
P_006_quad_Winkel_360_crp_x9_y13_Winkel_270.png;0.3396
P_006_quad_Winkel_360_crp_x9_y13_Winkel_360.png;0.1396
P_006_quad_Winkel_360_crp_x9_y13_Winkel_90.png;0.3396
P_006_quad_Winkel_360_crp_x9_y14_Winkel_180.png;0.502
P_006_quad_Winkel_360_crp_x9_y14_Winkel_270.png;0.3024
P_006_quad_Winkel_360_crp_x9_y14_Winkel_360.png;0.1024
P_006_quad_Winkel_360_crp_x9_y14_Winkel_90.png;0.3024
P_006_quad_Winkel_360_crp_x9_y1_Winkel_180.png;0.4076
P_006_quad_Winkel_360_crp_x9_y1_Winkel_270.png;0.208
P_006_quad_Winkel_360_crp_x9_y1_Winkel_360.png;0.008
P_006_quad_Winkel_360_crp_x9_y1_Winkel_90.png;0.208
P_006_quad_Winkel_360_crp_x9_y2_Winkel_180.png;0.4036
P_006_quad_Winkel_360_crp_x9_y2_Winkel_270.png;0.204
P_006_quad_Winkel_360_crp_x9_y2_Winkel_360.png;0.004
P_006_quad_Winkel_360_crp_x9_y2_Winkel_90.png;0.204
P_006_quad_Winkel_360_crp_x9_y3_Winkel_180.png;0.4168
P_006_quad_Winkel_360_crp_x9_y3_Winkel_270.png;0.2172
P_006_quad_Winkel_360_crp_x9_y3_Winkel_360.png;0.0172
P_006_quad_Winkel_360_crp_x9_y3_Winkel_90.png;0.2172
P_006_quad_Winkel_360_crp_x9_y4_Winkel_180.png;0.4452
P_006_quad_Winkel_360_crp_x9_y4_Winkel_270.png;0.2448
P_006_quad_Winkel_360_crp_x9_y4_Winkel_360.png;0.0448
P_006_quad_Winkel_360_crp_x9_y4_Winkel_90.png;0.2456
P_006_quad_Winkel_360_crp_x9_y5_Winkel_180.png;0.5496
P_006_quad_Winkel_360_crp_x9_y5_Winkel_270.png;0.35
P_006_quad_Winkel_360_crp_x9_y5_Winkel_360.png;0.1528
P_006_quad_Winkel_360_crp_x9_y5_Winkel_90.png;0.3528
P_006_quad_Winkel_360_crp_x9_y6_Winkel_180.png;0.4516
P_006_quad_Winkel_360_crp_x9_y6_Winkel_270.png;0.252
P_006_quad_Winkel_360_crp_x9_y6_Winkel_360.png;0.052
P_006_quad_Winkel_360_crp_x9_y6_Winkel_90.png;0.252
P_006_quad_Winkel_360_crp_x9_y7_Winkel_180.png;0.5008
P_006_quad_Winkel_360_crp_x9_y7_Winkel_270.png;0.3012
P_006_quad_Winkel_360_crp_x9_y7_Winkel_360.png;0.1012
P_006_quad_Winkel_360_crp_x9_y7_Winkel_90.png;0.3012
P_006_quad_Winkel_360_crp_x9_y8_Winkel_180.png;0.4356
P_006_quad_Winkel_360_crp_x9_y8_Winkel_270.png;0.232
P_006_quad_Winkel_360_crp_x9_y8_Winkel_360.png;0.0372
P_006_quad_Winkel_360_crp_x9_y8_Winkel_90.png;0.2424
P_006_quad_Winkel_360_crp_x9_y9_Winkel_180.png;0.5312
P_006_quad_Winkel_360_crp_x9_y9_Winkel_270.png;0.3316
P_006_quad_Winkel_360_crp_x9_y9_Winkel_360.png;0.1324
P_006_quad_Winkel_360_crp_x9_y9_Winkel_90.png;0.3324
